ID,Name,Brand,Mount,Media Width,Media Height,Media Size Name,Name.Japan,Name.US,Keywords
F09445DA-E18F-410E-88A3-DCA12E849E97,EOS 5D,Canon,Canon EF,35.8,23.9,35mm,,,
7C2E596B-1154-475D-AE0A-E99A7EE8A098,EOS 5D Mark II,Canon,Canon EF,36,24,35mm,,,
C7CF24B2-01C2-4114-9FEB-01F6F249881C,EOS 5D Mark III,Canon,Canon EF,36,24,35mm,,,
03951999-7F3D-42D0-B561-08C028550266,EOS 5D Mark IV,Canon,Canon EF,36,24,35mm,,,
621DA8B3-09DB-45F1-AA0E-9DBFBCEEC21F,EOS 5Ds,Canon,Canon EF,36,24,35mm,,,
B28DD940-C037-4A54-A480-56DB35E29E97,EOS 5Ds R,Canon,Canon EF,36,24,35mm,,,
44022456-B251-4FC3-B04D-57B526940F88,EOS 6D,Canon,Canon EF,35.8,23.9,35mm,,,
55B56EB3-0E5D-41E9-9707-2657144095DB,EOS 6D Mark II,Canon,Canon EF,35.9,24,35mm,,,
50DFC043-7F77-4034-829E-6A7D1D0F6653,EOS 90D,Canon,Canon EF,22.3,14.8,APS-C,,,
554BA8E1-ACAA-4881-A37D-CEA68A8D068D,EOS-1D,Canon,Canon EF,28.7,19.1,APS-H,,,
08FF5542-CA7C-41DA-A090-310D636FF69D,EOS-1D Mark II,Canon,Canon EF,28.7,19.1,APS-H,,,
D8A6ADDD-9A49-4D4F-B60E-E6DFCC6BE3A5,EOS-1D Mark II N,Canon,Canon EF,28.7,19.1,APS-H,,,
7FEF97A9-1198-4525-97D1-85F410A376B8,EOS-1D Mark III,Canon,Canon EF,28.1,18.7,APS-H,,,
359E00B7-BE31-4934-BF3F-C557CD5D99ED,EOS-1D Mark IV,Canon,Canon EF,27.9,18.6,APS-H,,,
83EB4F78-C513-43A8-AA0B-7C77CE79FDF8,EOS-1D X,Canon,Canon EF,36,24,35mm,,,
DDB2BB44-D2A6-4430-BAE3-E5DAD8E1566B,EOS-1D X Mark II,Canon,Canon EF,35.9,23.9,35mm,,,
75D836CD-B95A-4B54-B70A-9BABB9DE95EC,EOS-1Ds,Canon,Canon EF,35.8,23.8,35mm,,,
8CEF4EFC-631A-498F-8EAD-361AE7549743,EOS-1Ds Mark II,Canon,Canon EF,36,24,35mm,,,
48E77309-C732-4E97-A03F-9F175834789E,EOS-1Ds Mark III,Canon,Canon EF,36,24,35mm,,,
78A33ECC-5984-40A9-A7DC-9E02CB3B48AF,EOS-1Ds X,Canon,Canon EF,36,24,35mm,,,
63EF4F73-6F84-462A-AA55-43E37B57048B,EOS M,Canon,Canon EF-M,22.3,14.9,APS-C,,,
E04E5179-5008-4884-843D-004CDA22DA57,EOS M10,Canon,Canon EF-M,22.3,14.9,APS-C,,,
BB8D7470-206F-4BE9-BF67-7C99D3094A10,EOS M100,Canon,Canon EF-M,22.3,14.9,APS-C,,,
EDE497D9-6269-49A8-98EC-A257BBFAC387,EOS M2,Canon,Canon EF-M,22.3,14.9,APS-C,,,
D30F32EE-B188-4ED1-9247-F2F69DB00593,EOS M3,Canon,Canon EF-M,22.3,14.9,APS-C,,,
5BDAC598-5857-45C7-A484-ED659B548C8D,EOS M5,Canon,Canon EF-M,22.3,14.5,APS-C,,,
243425AE-1983-4CC8-96FD-B5848E40A06D,EOS M50,Canon,Canon EF-M,22.3,14.9,APS-C,EOS Kiss M,,
5CAEFA4F-40FB-4F81-A426-F31DBC665AF2,EOS M6,Canon,Canon EF-M,22.3,14.6,APS-C,,,
A77D98E9-D1BA-465F-B235-C57D52E4D020,EOS M6 Mark II,Canon,Canon EF-M,22.3,14.6,APS-C,,,
8DB0B17B-38AB-45D0-9EF2-CF0C6B35C090,EOS 1000D,Canon,Canon EF-S,22.2,14.8,APS-C,EOS Kiss F,EOS Rebel XS,
FFE8F75A-AB71-4E9A-931C-3929890FBC26,EOS 100D,Canon,Canon EF-S,22.3,14.9,APS-C,EOS Kiss X7,EOS Rebel SL1,
A977DAE2-884B-4879-A83E-DF4E977DADE0,EOS 10D,Canon,Canon EF-S,22.7,15.1,APS-C,,,
C2ABB32B-4AAF-4BF2-BAB6-52A12D64C6B5,EOS 1100D,Canon,Canon EF-S,22,14.7,APS-C,EOS Kiss X50,EOS Rebel T3,
F6FB8E76-E4D4-4D11-87D5-BF34353C1D08,EOS 1200D,Canon,Canon EF-S,22.3,14.9,APS-C,EOS Kiss X70,EOS Rebel T5,
0DA98607-F798-4B19-B78D-9E59B0CCB1B2,EOS 1300D,Canon,Canon EF-S,22.3,14.9,APS-C,EOS Kiss X80,EOS Rebel T6,
18C52297-BFC2-4D8F-BD92-0D22E5136B41,EOS 2000D,Canon,Canon EF-S,22.3,14.9,APS-C,EOS Kiss X90,EOS Rebel T7,
B438B99F-B08A-43C4-A241-36776B0B4AB0,EOS 200D,Canon,Canon EF-S,22.3,14.9,APS-C,EOS Kiss X9,EOS Rebel SL2,
72B5AA18-7986-4198-B0A8-702EC935B22A,EOS 20D,Canon,Canon EF-S,22.5,15,APS-C,,,
E7CFA349-5F6E-4C7D-A32F-CA0D7665FE41,EOS 30D,Canon,Canon EF-S,22.5,15,APS-C,,,
29BA45DB-791E-47BB-83CB-C41A4F5C248E,EOS 350D,Canon,Canon EF-S,22.2,14.8,APS-C,EOS Kiss Digital N,EOS Rebel XT,
96B3A176-1FD2-410B-A233-32ABFF63C2A9,EOS 400D,Canon,Canon EF-S,22.2,14.8,APS-C,EOS Kiss Digital X,EOS Rebel XTi,
25C6987D-9679-4E8D-B991-A45B69DB9860,EOS 40D,Canon,Canon EF-S,22.2,14.8,APS-C,,,
1308201F-6C4C-401F-9ADF-96F96C4C7432,EOS 450D,Canon,Canon EF-S,22.2,14.8,APS-C,EOS Kiss X2,EOS Rebel XSi,
00242899-25D8-42E8-9C03-56118D3E7FA5,EOS 500D,Canon,Canon EF-S,22.3,14.9,APS-C,EOS Kiss X3,EOS Rebel T1i,
BCD514AD-9D88-4DB2-83D0-DDB85D2D6659,EOS 50D,Canon,Canon EF-S,22.3,14.9,APS-C,,,
239C9CFD-A31F-4D34-B4CC-89111F77C2BA,EOS 550D,Canon,Canon EF-S,22.3,14.9,APS-C,EOS Kiss X4,EOS Rebel T2i,
AA285588-90AC-4880-8D05-80C8DB685344,EOS 600D,Canon,Canon EF-S,22.3,14.9,APS-C,EOS Kiss X5,EOS Rebel T3i,
F42FB711-690E-4230-B217-6284E8CBFBA1,EOS 60D,Canon,Canon EF-S,22.3,14.9,APS-C,,,
B2E39F77-6E67-4C56-96A9-C9609CF6B9F7,EOS 650D,Canon,Canon EF-S,22.3,14.9,APS-C,EOS Kiss X6i,EOS Rebel T4i,
28734964-C9D2-4A79-96D1-47438463F631,EOS 700D,Canon,Canon EF-S,22.3,14.9,APS-C,EOS Kiss X7i,EOS Rebel T5i,
AD43FD38-3F86-4BB9-9D3B-AD5CD7833D6F,EOS 70D,Canon,Canon EF-S,22.5,15,APS-C,,,
D33F4D65-DD8C-4622-8951-B9619A0D82F3,EOS 750D,Canon,Canon EF-S,22.3,14.9,APS-C,EOS Kiss X8i,EOS Rebel T6i,
D4119605-7BFE-487F-927C-D5544481A068,EOS 7D,Canon,Canon EF-S,22.3,14.9,APS-C,,,
8C9967B2-2245-4766-B72A-A96BF04B460C,EOS 7D Mark II,Canon,Canon EF-S,22.4,15,APS-C,,,
EF5B40AC-10E6-4F66-A7C4-0EBE5D4AE252,EOS 8000D,Canon,Canon EF-S,22.3,14.9,APS-C,,,
2CDC8C52-1C90-49FC-8815-D03C4B9654CB,EOS 800D,Canon,Canon EF-S,22.3,14.9,APS-C,EOS Kiss X9i,EOS Rebel T7i,
FF253F7E-5163-4AC9-B1AB-391547F7B208,EOS 80D,Canon,Canon EF-S,22.3,14.9,APS-C,,,
7B890ECF-7910-4FE9-80A3-CA8A380C740D,EOS 9000D,Canon,Canon EF-S,22.3,14.6,APS-C,,,
C6BAB0A4-B538-40A7-8319-DAC7F2DA7AA8,EOS R,Canon,Canon RF,36,24,35mm,,,
F7F10096-B4BA-4D15-BC62-840D4C4230B3,EOS R5,Canon,Canon RF,36,24,35mm,,,
F7566B40-2D24-4F2D-8B83-6E0805581FDC,EOS R6,Canon,Canon RF,35.9,23.9,35mm,,,
41FFDA9E-A3BF-47EF-AB06-ABE3CB147A58,EOS Ra,Canon,Canon RF,36,24,35mm,,,
B9718D9E-FE67-450D-9CC8-7DEA083CB398,EOS RP,Canon,Canon RF,35.9,24,35mm,,,
A05D85E0-A9F5-4E3C-87D3-BBC2E3C5C890,GFX 50S,Fujifilm,Fujifilm G,43.8,32.9,Medium Format,,,
842F9A9A-2ABF-4490-A17D-9619FE6ACA81,X-A1,Fujifilm,Fujifilm X,23.6,15.6,APS-C,,,
0D23F8CE-6F8F-4571-9A84-C3C3D3AAF7A4,X-A10,Fujifilm,Fujifilm X,23.6,15.6,APS-C,,,
640F93F6-12CF-4392-8FAF-C7C35E7A37D4,X-A2,Fujifilm,Fujifilm X,23.6,15.6,APS-C,,,
503E7930-D657-4D47-896E-60F9A24673F6,X-A3,Fujifilm,Fujifilm X,23.5,15.7,APS-C,,,
1E04C6DB-C204-4B79-B24C-B6BEFACA3653,X-A7,Fujifilm,Fujifilm X,23.5,15.7,APS-C,,,
1B422476-D822-4B2B-892E-6B907C317825,X-E1,Fujifilm,Fujifilm X,23.6,15.6,APS-C,,,
08986F14-50B1-43B4-8D36-D788DF90C396,X-E2,Fujifilm,Fujifilm X,23.6,15.6,APS-C,,,
D0E19E3D-B7AC-42F3-BAF1-D9960B4990BF,X-E3,Fujifilm,Fujifilm X,23.5,15.6,APS-C,,,
8DC7D3D8-2DE5-4BC0-9114-1DE732C0BCAC,X-H1,Fujifilm,Fujifilm X,23.5,15.6,APS-C,,,
13EEB7F5-E6AA-43A7-A25B-774B2B9DA6E5,X-M1,Fujifilm,Fujifilm X,23.6,15.6,APS-C,,,
680EA72F-DEA2-4784-B5F1-F9DE0208D66F,X-Pro1,Fujifilm,Fujifilm X,23.6,15.6,APS-C,,,
35F64A6A-6604-4AD0-BACD-59FF236A43D4,X-Pro2,Fujifilm,Fujifilm X,23.6,15.6,APS-C,,,
A0D2DDA8-4D8E-446B-A121-BFDC7B5402F8,X-T1,Fujifilm,Fujifilm X,23.6,15.6,APS-C,,,
5A309B7A-DFFA-48E3-B53B-E2FD84FE314F,X-T10,Fujifilm,Fujifilm X,23.6,15.6,APS-C,,,
CB66A0A2-247C-4D96-990D-120C6DF99E71,X-T100,Fujifilm,Fujifilm X,23.5,15.7,APS-C,,,
A1B5406A-C13F-4299-994D-20F3082C714C,X-T2,Fujifilm,Fujifilm X,23.6,15.6,APS-C,,,
4328D229-F3BC-4DB4-A7E5-0703E8C08D9E,X-T20,Fujifilm,Fujifilm X,23.6,15.6,APS-C,,,
261A5E00-6FA9-4527-8FC2-3C2BF3E0643D,X-T30,Fujifilm,Fujifilm X,23.5,15.6,APS-C,,,
1FB1DCA1-EC44-43A5-ABC1-0F33145A78AD,X1D-50c,Hasselblad,XCD,43.8,32.9,Medium Format,,,
91BFA0C3-5129-4A56-8B5D-399DAD83876B,X1D II 50C,Hasselblad,XCD,43.8,32.9,Medium Format,,,
1DABAEFC-CBE4-4A2B-8F56-B0D2D9DE5088,PIXPRO S-1,Kodak,MFT,17.3,13,"4/3""",,,
11F0589B-4CFF-4139-83A4-2F4C4AFB69DC,SL,Leica,Leica L,36,24,35mm,,,Typ 601
8AD0BCA8-A504-43E6-ACDC-2399BEADB3A1,T,Leica,Leica L,23.6,15.7,APS-C,,,Typ 701
1A0BD2FA-C887-41A2-A03B-1C4E26799A59,TL,Leica,Leica L,23.6,15.7,APS-C,,,
C17AF5A7-C07A-4A9C-9411-9A295150DC6A,TL2,Leica,Leica L,23.6,15.7,APS-C,,,
D337F7D7-AA6A-4EC3-8E33-454343F3DC30,M,Leica,Leica M,35.8,23.9,35mm,,,Typ 240
4393037E-63E2-48E7-BE35-BA0AFD67C19B,M (Typ 262),Leica,Leica M,35.8,23.9,35mm,,,
04742736-7F8A-439D-AC45-4A8ADE649CB7,M Monochrom,Leica,Leica M,35.8,23.9,35mm,,,
367691E1-6D19-4E15-B750-7F86E0F93892,M Monochrom (Typ 246),Leica,Leica M,35.8,23.9,35mm,,,
28DF122F-C158-4A4A-887F-270337E820BE,M-E,Leica,Leica M,35.8,23.9,35mm,,,
86592B97-A867-49B9-A482-85DD91EEABA9,M10,Leica,Leica M,35.8,23.9,35mm,,,Typ3656
27BC6D98-1377-4FAD-9E84-BC168DA07230,M8,Leica,Leica M,27,18,APS-H,,,
24DAE877-7EFA-4545-8CAD-FCD7D4D405F5,M8.2,Leica,Leica M,27,18,APS-H,,,
71741299-9059-484C-8698-B8A60D414299,M9,Leica,Leica M,35.8,23.9,35mm,,,
1B71FCC5-7F47-47FE-AE7B-53D4E4A4551B,M9-P,Leica,Leica M,35.8,23.9,35mm,,,
704A1DD6-8707-44D9-AF20-F952DFE6C58B,S,Leica,Leica S,45,30,Medium Format,,,Typ 007
4D14AF1D-61C8-4181-8BD5-E335409708BD,S-E,Leica,Leica S,45,30,Medium Format,,,Typ 006
481EBDAB-08B1-4E1C-9B1D-D6B4ECEDF9F7,Nikon 1 AW1,Nikon,Nikon 1,13.2,8.8,CX,,,
F7097567-73A9-4046-9752-9EBD01017343,Nikon 1 J1,Nikon,Nikon 1,13.2,8.8,CX,,,
EE610019-4AD4-4A47-AF12-386C578823A4,Nikon 1 J2,Nikon,Nikon 1,13.2,8.8,CX,,,
A4D64F8A-B3AA-455F-AEA6-1C32BC355B62,Nikon 1 J3,Nikon,Nikon 1,13.2,8.8,CX,,,
99D21626-B3E8-4C33-8667-9D6EBE36D48E,Nikon 1 J4,Nikon,Nikon 1,13.2,8.8,CX,,,
AC8A16D5-9945-467A-A81F-537E43ECC17C,Nikon 1 J5,Nikon,Nikon 1,13.2,8.8,CX,,,
1A26F0DE-494A-4B13-9AAA-7AC960593F1C,Nikon 1 S1,Nikon,Nikon 1,13.2,8.8,CX,,,
ABED1889-CA7D-4E16-8E53-397B3E43A872,Nikon 1 S2,Nikon,Nikon 1,13.1,8.8,CX,,,
ABDBE297-E0EE-4B6E-B044-CEC00D3AC067,Nikon 1 V1,Nikon,Nikon 1,13.2,8.8,CX,,,
7B817B1A-B9AA-47F3-A158-C1FE1B54F950,Nikon 1 V2,Nikon,Nikon 1,13.2,8.8,CX,,,
4E0081D0-B7DD-4E24-BEF1-8B10181914E5,Nikon 1 V3,Nikon,Nikon 1,13.2,8.8,CX,,,
6AF5C875-86F0-4459-AB4F-8C4049C17DC4,D1,Nikon,Nikon F,23.7,15.6,DX,,,
BF48EB04-CC99-48E5-AE71-884EAD8B41CC,D100,Nikon,Nikon F,23.7,15.6,DX,,,
27390469-5C35-4FBF-8C47-39B934A9811B,D1H,Nikon,Nikon F,23.7,15.6,DX,,,
ECE48BA9-8BDA-4860-B8F1-D21E3F0043D6,D1X,Nikon,Nikon F,23.7,15.6,DX,,,
B7671B2A-8B83-4C5D-B878-DBEF9B9B2A22,D200,Nikon,Nikon F,23.6,15.8,DX,,,
B2FE00B0-E626-484C-AC2D-29124D9E38DA,D2H,Nikon,Nikon F,23.3,15.5,DX,,,
A7D469D3-1CA9-4EB8-A450-C7AEFEDBD266,D2HS,Nikon,Nikon F,23.3,15.5,DX,,,
2F398B44-6C61-45AC-9932-471827842C2B,D2X,Nikon,Nikon F,23.7,15.7,DX,,,
2B59612F-E696-4AD4-94EE-2EE3FAAF2891,D2XS,Nikon,Nikon F,23.7,15.7,DX,,,
073799E0-C011-42F5-B7CC-9CB40F33881F,D3,Nikon,Nikon F,36,23.9,FX,,,
C98BEAD3-216D-459D-8A45-3A739D7649F2,D300,Nikon,Nikon F,23.6,15.8,DX,,,
F301D11A-A5A9-4C64-A4B3-31A429CABBF2,D3000,Nikon,Nikon F,23.6,15.8,DX,,,
513B5C90-E0CF-4602-ABE3-B0D94DA462B4,D300S,Nikon,Nikon F,23.6,15.8,DX,,,
8B5B6F51-A64F-4612-9BBC-9FC631A7BF31,D3100,Nikon,Nikon F,23.1,15.4,DX,,,
7C844666-C9CF-41E4-9E7E-F9018EDA4FBA,D3200,Nikon,Nikon F,23.2,15.4,DX,,,
D8D983C8-3137-4511-840F-4DFDECC2A332,D3300,Nikon,Nikon F,23.5,15.6,DX,,,
CFC49D49-3D71-41C7-9887-CF737438F69A,D3400,Nikon,Nikon F,23.5,15.6,DX,,,
A3A95904-F376-497C-820D-CAC2896DEA80,D3S,Nikon,Nikon F,36,23.9,FX,,,
4DDF1DD4-A192-4D7D-9294-6635DACAC89E,D3X,Nikon,Nikon F,35.9,24,FX,,,
E18CDFFF-8091-4CA8-851E-3140D1EC2B84,D4,Nikon,Nikon F,36,23.9,FX,,,
F7B06A3E-27D4-485E-93C5-43D1F8CAA1C9,D40,Nikon,Nikon F,23.7,15.6,DX,,,
F9002CCD-376C-460F-8943-4D6CEFF2FE0F,D40X,Nikon,Nikon F,23.6,15.8,DX,,,
BD53D58B-B08F-413B-AC38-A81F511DC233,D4S,Nikon,Nikon F,36,23.9,FX,,,
772D94B2-97A9-4CCD-9BA6-CFECA5164D55,D5,Nikon,Nikon F,35.9,23.9,FX,,,
6FDB3804-6154-406A-90AC-E7C7F00A97B6,D50,Nikon,Nikon F,23.7,15.6,DX,,,
9E391EAD-7DBE-4D8E-AB80-3C3E3D96E538,D500,Nikon,Nikon F,23.5,15.7,DX,,,
1F7198BD-DD2F-41B2-BD2B-14CCEB23BB3B,D5000,Nikon,Nikon F,23.6,15.8,DX,,,
C9200635-7C1E-459C-B70F-4DE1CBF076E3,D5100,Nikon,Nikon F,23.5,15.6,DX,,,
01F31BD5-38CE-439E-9188-DD66EDE28261,D5200,Nikon,Nikon F,23.5,15.6,DX,,,
B898D2A8-5464-4583-BBE0-5BB414B21345,D5300,Nikon,Nikon F,23.5,15.6,DX,,,
9879C6C1-EADD-4F9B-9A8D-8D164FC1B497,D5500,Nikon,Nikon F,23.5,15.6,DX,,,
7FE91A8A-6D49-445E-A237-805607E24430,D5600,Nikon,Nikon F,23.5,15.6,DX,,,
134D6389-E43D-4DEA-B782-CAE1C5367712,D60,Nikon,Nikon F,23.6,15.8,DX,,,
BDE81676-0F10-4848-86DA-E848E4BF0351,D600,Nikon,Nikon F,35.9,24,FX,,,
152503A7-B105-476B-81AC-1512051DF658,D610,Nikon,Nikon F,35.9,24,FX,,,
7B81F0FA-F692-490D-99D3-1C8AEC455050,D70,Nikon,Nikon F,23.7,15.6,DX,,,
E45DC251-4544-4BA8-A2DB-9DD91DB1EEC7,D700,Nikon,Nikon F,36,23.9,FX,,,
3111D292-9C73-42A8-AB72-186FC628BA94,D7000,Nikon,Nikon F,23.6,15.6,DX,,,
42670844-458C-4858-A951-082660ECE256,D70S,Nikon,Nikon F,23.7,15.6,DX,,,
AEAF967C-F040-4BC7-8E96-00E0D2017C77,D7100,Nikon,Nikon F,23.5,15.6,DX,,,
CB7C1EBF-B66F-4F28-9301-A6C94ED7048C,D7200,Nikon,Nikon F,23.5,15.6,DX,,,
F14FC65D-9B56-47B8-B760-289D50B9BF22,D750,Nikon,Nikon F,35.9,24,FX,,,
BB54E297-CF9C-4F27-8A0F-EA39830241ED,D80,Nikon,Nikon F,23.6,15.8,DX,,,
00DA5EDF-E151-4F15-B885-38242EF6B25F,D800,Nikon,Nikon F,35.9,24,FX,,,
29C5A067-58D8-47E8-B0E8-175ED3446ADB,D800E,Nikon,Nikon F,35.9,24,FX,,,
CB09B171-6088-468A-BEBB-33E62BB38689,D810,Nikon,Nikon F,35.9,24,FX,,,
A07E7D7C-83A8-4C52-94CF-7D7DCEA2DF3D,D850,Nikon,Nikon F,35.9,23.9,FX,,,
6A8A59FF-66A7-4474-B7D4-2B4249C724C6,D90,Nikon,Nikon F,23.6,15.8,DX,,,
50CBAE17-DDF8-4748-871F-EDB0007C3F73,Df,Nikon,Nikon F,36,23.9,FX,,,
911CBDF1-8AA5-411B-9A19-84EF66906263,Z 5,Nikon,Nikon Z,35.9,23.9,FX,,,
ECF30498-608B-41DB-81F3-A3312DAE33D9,Z 50,Nikon,Nikon Z,23.5,15.7,DX,,,
E6F85108-B64F-4793-831C-CD051BC56F7B,Z 6,Nikon,Nikon Z,35.9,23.9,FX,,,
0C8C8F58-3363-4DB9-AE3A-D09737C6A743,Z 7,Nikon,Nikon Z,35.9,23.9,FX,,,
5C815141-3BA7-469D-97F2-EF75D603685A,E-30,Olympus,Four Thirds,17.3,13,"4/3""",,,
B8133D96-9635-46A9-B81C-9D82396E62DE,E-5,Olympus,Four Thirds,17.3,13,"4/3""",,,
3BF56DE8-19DE-4D78-A8B9-AC5319E2ABDA,E-620,Olympus,Four Thirds,17.3,13,"4/3""",,,
284773BA-9B6E-41D9-93FF-800A512EC0C8,A01,Olympus,MFT,17.3,13,"4/3""",,,AIR
20FFCCDB-4744-4C50-8CE1-46EA6CC0A0A2,E-M1,Olympus,MFT,17.3,13,"4/3""",,,OM-D
E26D3501-1B6A-4647-8A5A-18BDB0231DAA,E-M1 Mark II,Olympus,MFT,17.4,13,"4/3""",,,OM-D
BF7E9F9C-9756-49DD-9823-3218E851AF89,E-M1 Mark III,Olympus,MFT,17.4,13,"4/3""",,,OM-D
A7ABDE2B-D741-4E97-BA44-DA6900E900DF,E-M10,Olympus,MFT,17.3,13,"4/3""",,,OM-D
90E8DCEF-F588-40FD-8E2B-855187850657,E-M10 Mark II,Olympus,MFT,17.3,13,"4/3""",,,OM-D
9931FF2E-AF85-4BF4-BA4F-22BB3EA1FF00,E-M10 Mark III,Olympus,MFT,17.4,13,"4/3""",,,OM-D
0EE4A2C7-CB3E-4344-B6D7-6E44F3165113,E-M1X,Olympus,MFT,17.4,13,"4/3""",,,OM-D
4053B31A-46BA-446F-95ED-602D141D6D1A,E-M5,Olympus,MFT,17.3,13,"4/3""",,,OM-D
C7AE6037-8242-46F4-A820-1EBDF22B769B,E-M5 Mark II,Olympus,MFT,17.3,13,"4/3""",,,OM-D
A6223578-5B58-4165-88E0-BB2CA49E504C,E-M5 Mark III,Olympus,MFT,17.4,13,"4/3""",,,OM-D
8D699B71-7440-4AD4-AA95-76EE87E678E6,E-P1,Olympus,MFT,17.3,13,"4/3""",,,PEN
69C755CB-614C-46D5-932C-DFA19D604982,E-P2,Olympus,MFT,17.3,13,"4/3""",,,PEN
BFB29540-8462-4C63-AFD1-EDCC269203BD,E-P3,Olympus,MFT,17.3,13,"4/3""",,,PEN
BF66FA19-D241-4E03-9722-0F65ADC2F60F,E-P5,Olympus,MFT,17.3,13,"4/3""",,,PEN
5DD7C5E7-67F3-413D-B888-4F8B79520274,E-PL10,Olympus,MFT,17.4,13,"4/3""",,,PEN
5E2690E3-2284-4499-A4DF-7A18951084B0,E-PL1s,Olympus,MFT,17.3,13,"4/3""",,,PEN
EB2A4970-45A7-42FD-9418-CFAA556EA110,E-PL2,Olympus,MFT,17.3,13,"4/3""",,,PEN
B087B77C-3A86-4820-97C6-319E39D5DD63,E-PL3,Olympus,MFT,17.3,13,"4/3""",,,PEN
4C0AEAD2-0215-407C-BD87-F0E2245EF1E8,E-PL5,Olympus,MFT,17.3,13,"4/3""",,,PEN
9CA42A2C-2E31-47B8-B71F-A1B0C551AEC6,E-PL6,Olympus,MFT,17.3,13,"4/3""",,,PEN
5A3C75AF-B56E-41A6-A8EA-90111447F4AF,E-PL7,Olympus,MFT,17.3,13,"4/3""",,,PEN
99FFA517-5556-4B13-A766-94750E89715D,E-PL8,Olympus,MFT,17.3,13,"4/3""",,,PEN
6072432D-8F3C-43A1-8475-5085ADC13531,E-PL9,Olympus,MFT,17.3,13,"4/3""",,,PEN
603E0788-3330-4C03-99F1-AA6138DCEB21,E-PM1,Olympus,MFT,17.3,13,"4/3""",,,PEN
E914A374-E46A-4143-9596-42C03605C9B0,E-PM2,Olympus,MFT,17.3,13,"4/3""",,,PEN
48A67696-9C5B-4545-A928-A861A011300C,PEN-F,Olympus,MFT,17.4,13,"4/3""",,,PEN
05545607-66E0-45B9-A39F-6359B7F5F153,DMC-L1,Panasonic,Four Thirds,17.3,13,"4/3""",,,Lumix
93672964-E520-4084-A94E-8A2D12C66A9A,DMC-L10,Panasonic,Four Thirds,17.3,13,"4/3""",,,Lumix
8FBEF281-9455-49C6-A9D4-416BAACD3341,DC-S1,Panasonic,Leica L,35.6,23.8,35mm,,,Lumix
F3020F4D-1565-4194-8407-02A6C57A9174,DC-S1H,Panasonic,Leica L,35.6,23.8,35mm,,,Lumix
9674AD61-564B-4EEA-A864-7D833A051EDE,DC-S1R,Panasonic,Leica L,36,24,35mm,,,Lumix
AEEDBCAD-3536-4CC3-949F-4A709DB417A3,DC-G9,Panasonic,MFT,17.3,13,"4/3""",DMC-G9 Pro,,Lumix
22283F7B-CC56-406E-8EDB-5703C7B36B67,DC-GH5,Panasonic,MFT,17.3,13,"4/3""",,,Lumix
D1220527-F846-45E6-9CB6-E78B7D312E07,DC-GH5S,Panasonic,MFT,17.3,13,"4/3""",,,Lumix
649FE11E-45BF-43BD-A6E4-C452E66A9898,DC-GX850,Panasonic,MFT,17.3,13,"4/3""",DC-GF9,DC-GX800,Lumix
4C0C2F53-958A-4A36-A124-EEEB1F5DB18F,DC-GX9,Panasonic,MFT,17.3,13,"4/3""",DC-GX7MK3,,Lumix
82C54147-B4DB-4142-AE3A-67725BC04DE9,DMC-G1,Panasonic,MFT,17.3,13,"4/3""",,,Lumix
A539019C-7AC7-43E9-9E3C-41D1C071C663,DMC-G2,Panasonic,MFT,17.3,13,"4/3""",,,Lumix
C0B5FBDE-BE58-4325-8DDE-344A769FC8C4,DMC-G3,Panasonic,MFT,17.3,13,"4/3""",,,Lumix
A3B35699-1B43-41B3-B527-713E00157EA6,DMC-G5,Panasonic,MFT,17.3,13,"4/3""",,,Lumix
97C7E45B-0DAA-442A-8BFE-881A41ABE01C,DMC-G6,Panasonic,MFT,17.3,13,"4/3""",,,Lumix
F6FCD0AC-5187-420F-99CA-FCBCAFFE4866,DMC-G7,Panasonic,MFT,17.3,13,"4/3""",,,Lumix
24F7A717-63BE-47F6-9653-02706D8C6E12,DMC-G80,Panasonic,MFT,17.3,13,"4/3""",DMC-G8,DMC-G85,Lumix
01885D15-2642-4BDE-B6F0-C1BB1D82D456,DMC-GF1,Panasonic,MFT,17.3,13,"4/3""",,,Lumix
FE25ADF4-D343-447B-9124-63946E588ECB,DMC-GF2,Panasonic,MFT,17.3,13,"4/3""",,,Lumix
06204162-ACE6-40E8-ACAA-69068CA10BBA,DMC-GF3,Panasonic,MFT,17.3,13,"4/3""",,,Lumix
3F2424DA-C601-4C99-B366-47D48A4EEECB,DMC-GF5,Panasonic,MFT,17.3,13,"4/3""",,,Lumix
2F7F916E-A58E-4357-8E6E-21103985B1B1,DMC-GF6,Panasonic,MFT,17.3,13,"4/3""",,,Lumix
425340C4-5D7F-495E-B717-F81ACEDA17F8,DMC-GF7,Panasonic,MFT,17.3,13,"4/3""",,,Lumix
20C42296-AB27-4AB0-B1D8-DFB84E49CCC8,DMC-GH1,Panasonic,MFT,17.3,13,"4/3""",,,Lumix
79C70FFA-1F50-49A5-9A09-A0C1C443B1C1,DMC-GH2,Panasonic,MFT,17.3,13,"4/3""",,,Lumix
C665E3B2-C4A1-4473-9301-27320F47F486,DMC-GH3,Panasonic,MFT,17.3,13,"4/3""",,,Lumix
B2C822CD-3666-4B80-B640-F1CA47C73FE6,DMC-GH4,Panasonic,MFT,17.3,13,"4/3""",,,Lumix
FB244463-7B24-408E-9380-95803AD6F9FA,DMC-GM1,Panasonic,MFT,17.3,13,"4/3""",,,Lumix
585B4DD4-13F5-4279-9ACD-208437E6F316,DMC-GM5,Panasonic,MFT,17.3,13,"4/3""",,,Lumix
4C2084FF-22D5-42B3-9503-203C641618FE,DMC-GX1,Panasonic,MFT,17.3,13,"4/3""",,,Lumix
11FB933A-99C7-49B4-B2B0-FE235C7256DD,DMC-GX7,Panasonic,MFT,17.3,13,"4/3""",,,Lumix
95060322-1826-4F1C-8EE3-58FE6C1001C9,DMC-GX8,Panasonic,MFT,17.3,13,"4/3""",,,Lumix
4EF5D40F-6E36-4100-967A-89D963F9F4C1,DMC-GX80,Panasonic,MFT,17.3,13,"4/3""",DMC-GX7MK2,DMC-GX85,Lumix
9096E45F-4B5B-4E96-A4AD-57263536D4A7,645D,Pentax,Pentax 645,44,33,Medium Format,,,
96CF2F4F-AF15-43EE-85FC-506EB27CECFB,645Z,Pentax,Pentax 645,43.8,32.8,Medium Format,,,
ABD7B0C9-F5C1-42F8-B14B-3DD3F9384A9C,*ist D,Pentax,Pentax K,23.5,15.7,APS-C,,,
B759B41D-7EFD-4FD3-A6A5-68BA263944A6,*ist DL,Pentax,Pentax K,23.5,15.7,APS-C,,,
FD093E62-7458-418B-9F44-C868F0015FEF,*ist DL 2,Pentax,Pentax K,23.5,15.7,APS-C,,,
69B8DF3E-BC68-485F-9E22-4B4FEDF7F1F3,*ist DS,Pentax,Pentax K,23.5,15.7,APS-C,,,
842FB98D-2F75-46DD-BFEA-51BE9793EDEC,*ist DS 2,Pentax,Pentax K,23.5,15.7,APS-C,,,
E23F2BE9-E8D9-4232-81FD-FE9E064D9CF0,K-01,Pentax,Pentax K,23.7,15.7,APS-C,,,
BC3DD0AC-A00A-4155-983B-5474BB97EB02,K-1,Pentax,Pentax K,35.9,24,35mm,,,
FD96E4B5-4763-472E-BF4B-C055CF53A3D6,K-1 Mark II,Pentax,Pentax K,35.9,24,35mm,,,
7097473A-A809-4716-AB85-3304856BC79B,K-3,Pentax,Pentax K,23.5,15.6,APS-C,,,
03E866FA-077A-4671-B936-0B9AF7410747,K-3 II,Pentax,Pentax K,23.5,15.6,APS-C,,,
B4826D12-00EB-4DE6-AC9D-8221898705CA,K-30,Pentax,Pentax K,23.7,15.7,APS-C,,,
CBAE0235-8106-443D-AEC4-C8BFEED09791,K-5,Pentax,Pentax K,23.7,15.7,APS-C,,,
6F174E24-EB2A-4CE3-B514-D21DB3AE40CF,K-5 II,Pentax,Pentax K,23.7,15.7,APS-C,,,
ACD7B95B-AB18-44E2-A8E3-0AF7B08383B7,K-5 II s,Pentax,Pentax K,23.7,15.7,APS-C,,,
878C131D-9854-4C2A-A027-E5C8B989A86D,K-50,Pentax,Pentax K,23.7,15.7,APS-C,,,
EB90144E-8477-4195-9F37-D86279974DB2,K-7,Pentax,Pentax K,23.4,15.6,APS-C,,,
B365F1AA-E4C8-4F0D-A53C-E62D449E2A27,K-70,Pentax,Pentax K,23.5,15.6,APS-C,,,
091BE614-CA27-414E-A93D-5DB5EBF8E4BE,K-m,Pentax,Pentax K,23.5,15.7,APS-C,,,
FC033597-ED1A-4D6B-9EF2-09245F604D27,K-r,Pentax,Pentax K,23.6,15.8,APS-C,,,
CBA5968C-86A9-4605-969C-918DB9F0DAAC,K-S1,Pentax,Pentax K,23.5,15.6,APS-C,,,
1E91BF28-9D3D-4CD2-96BF-8FE8D2ACB069,K-S2,Pentax,Pentax K,23.5,15.6,APS-C,,,
501215F5-2A94-4E90-A5BA-B328FCD83636,K-x,Pentax,Pentax K,23.6,15.8,APS-C,,,
9F315790-4D96-4EAB-917F-CAB002ED2C59,K100D,Pentax,Pentax K,23.5,15.7,APS-C,,,
CD796365-82D4-436A-B3D5-04CD489359F7,K100D Super,Pentax,Pentax K,23.5,15.7,APS-C,,,
C5AC74B0-4BBF-4AF6-90DA-A8E6DF5554DA,K10D,Pentax,Pentax K,23.5,15.7,APS-C,,,
DDCCC681-F274-4C6A-BA27-0FEEC8D03C89,K200D,Pentax,Pentax K,23.5,15.7,APS-C,,,
C14B58F0-F1D1-471D-8E5E-8B1E9CF43FC8,K20D,Pentax,Pentax K,23.4,15.6,APS-C,,,
2462D46D-5C1A-4AB2-AF7E-EA17201B48B7,K500,Pentax,Pentax K,23.7,15.7,APS-C,,,
CC45C96A-2843-4BFD-AC74-326B4C09450F,KP,Pentax,Pentax K,23.5,15.6,APS-C,,,
3360CA7E-4A43-45B4-89D3-D8500B180AD0,sd Quattro,Sigma,Sigma SA,23.4,15.5,APS-C,,,
A119584E-AD47-4AB5-B05B-E97B5B5CC2AC,sd Quattro H,Sigma,Sigma SA,26.6,17.9,APS-H,,,
C4003067-B4A9-4FD2-8FDA-5EEFA7EF0D39,SD1 Merill,Sigma,Sigma SA,23.5,15.7,APS-C,,,
578C125A-9417-4E67-BEFD-97B842443E66,DSLR-A100,Sony,Sony A,23.6,15.8,APS-C,,,
C72A9D26-396B-4133-B8A0-C3A991D5973C,DSLR-A200,Sony,Sony A,23.6,15.8,APS-C,,,
6B707899-E929-4C97-8930-5EBB9E1EEB20,DSLR-A230,Sony,Sony A,23.6,15.8,APS-C,,,
6C479F77-29AA-4287-B2CC-70189E6CB021,DSLR-A300,Sony,Sony A,23.6,15.8,APS-C,,,
FF06FC90-3DD6-4AD2-AAB6-43D1952F8E95,DSLR-A330,Sony,Sony A,23.6,15.8,APS-C,,,
12746225-6230-4FFA-8189-43E235F8AC0E,DSLR-A350,Sony,Sony A,23.5,15.7,APS-C,,,
BC7A1E80-3B07-4D51-A242-8CD4E2F5F894,DSLR-A380,Sony,Sony A,23.5,15.7,APS-C,,,
44BE04FA-B422-46B1-9D21-8477F0F6E0B4,DSLR-A550,Sony,Sony A,23.4,15.6,APS-C,,,
0B6BA970-6379-4233-853E-B0BF74795217,DSLR-A700,Sony,Sony A,23.5,15.6,APS-C,,,
0DDE94AF-B135-41C1-9E8D-8083A6290E92,DSLR-A900,Sony,Sony A,35.9,24,35mm,,,
D2460BC4-13C6-4A7E-A302-499E860CCCB9,α33,Sony,Sony A,23.4,15.6,APS-C,,,"alpha, a33"
3C320C41-2239-4333-8772-F3C7132455E0,α37,Sony,Sony A,23.5,15.6,APS-C,,,"alpha, a37"
EAA36324-125C-4E0F-800B-0EDACB700DF2,α55,Sony,Sony A,23.5,15.6,APS-C,,,"alpha, a55"
D43BB3D3-AD94-436A-B43D-F80C17E2544F,α57,Sony,Sony A,23.5,15.6,APS-C,,,"alpha, a57"
A33F857A-2191-428E-BE79-54BBE5B5B50A,α58,Sony,Sony A,23.2,15.4,APS-C,,,"alpha, a58"
598975C2-E450-4BD5-9964-835B290F55E7,α65,Sony,Sony A,23.5,15.6,APS-C,,,"alpha, a65"
09B973C7-E928-401A-A4F6-88510561A874,α68,Sony,Sony A,23.5,15.6,APS-C,,,"alpha, a68"
A92EAAC1-CCAD-47D8-AA22-B927DCBB7C21,α77,Sony,Sony A,23.5,15.6,APS-C,,,"alpha, a77"
ACB17973-551F-4206-8B63-1608E4B0B881,α77 II,Sony,Sony A,23.5,15.6,APS-C,,,"alpha, a77"
EFDC6FCD-7A26-439B-BFFB-6CC01E6F5A48,α99,Sony,Sony A,35.8,23.9,35mm,,,"alpha, a99"
875DF8F0-3020-4F80-A117-5ED4346515DB,α99 II,Sony,Sony A,35.9,24,35mm,,,"alpha, a99"
21910C4F-312A-43AE-8C66-D6E933BEC204,ILCE-QX1,Sony,Sony E,23.2,15.4,APS-C,,,
0A58109C-8DAE-4D1E-829A-77CBC6A86817,NEX-3,Sony,Sony E,23.4,15.6,APS-C,,,
D97A8C0B-6B47-41FE-8186-9BDB8B2E7105,NEX-5,Sony,Sony E,23.5,15.6,APS-C,,,
39D4CC18-1BE6-4AB0-B414-A55B0B7DBE9F,NEX-5T,Sony,Sony E,23.5,15.6,APS-C,,,
2B4B987E-586B-4D15-A32E-C21CA58C286D,NEX-6,Sony,Sony E,23.5,15.6,APS-C,,,
5E60AC09-1EDC-4687-BE82-2036397EFC55,NEX-7,Sony,Sony E,23.5,15.6,APS-C,,,
41233359-FE21-4384-B34D-BDCA467F6E30,NEX-C3,Sony,Sony E,23.5,15.6,APS-C,,,
A03D17BF-0808-453D-8C16-7F2E904A3A32,NEX-F3,Sony,Sony E,23.5,15.6,APS-C,,,
BF2D3E5A-CC91-4CD0-8AA2-F13BDDF39531,α5000,Sony,Sony E,23.2,15.4,APS-C,,,"alpha, a5000"
52B276F4-3C6D-4695-85B8-F84196F1ECA6,α5100,Sony,Sony E,23.5,15.6,APS-C,,,"alpha, a5100"
EF2FAD1B-D561-48AD-A2D5-6FDB2443AC62,α6000,Sony,Sony E,23.5,15.6,APS-C,,,"alpha, a6000"
584486E7-D56B-48D5-8756-2429298D4D4E,α6100,Sony,Sony E,23.5,15.6,APS-C,,,"alpha, a6100, ILCE-6100"
346A7A37-1382-4210-ABE0-7E239439C488,α6300,Sony,Sony E,23.5,15.6,APS-C,,,"alpha, a6300"
0EE1CB8A-00C6-42C9-A2AB-123D97F5E79C,α6400,Sony,Sony E,23.5,15.6,APS-C,,,"alpha, a6400"
9482E15B-7C06-4C3C-A0BE-5E2AE15B7E7E,α6500,Sony,Sony E,23.5,15.6,APS-C,,,"alpha, a6500"
6B0D87DA-9769-4ADB-A6D6-DF1BDA64FBEA,α6600,Sony,Sony E,23.5,15.6,APS-C,,,"alpha, a6600, ILCE-6600"
C11F48D7-92B7-4E3A-BA79-A120741469C6,α7,Sony,Sony FE,35.8,23.9,35mm,,,"alpha, a7"
EF378ED5-F9DF-41DC-94E7-B49FD2DC8E48,α7 II,Sony,Sony FE,35.8,23.9,35mm,,,"alpha, a7"
2D6D627E-36EC-46FE-89D2-A4B285E1500E,α7 III,Sony,Sony FE,35.8,23.9,35mm,,,"alpha, a7, ILCE-7M3"
EF5BD686-36F5-4229-8E65-6117DE61CEE4,α7R,Sony,Sony FE,35.9,24,35mm,,,"alpha, a7R"
DCF0C0D9-C39A-4797-998D-ED79C2FEEAF7,α7R II,Sony,Sony FE,35.9,24,35mm,,,"alpha, a7R"
D9B1CD14-CBAF-4C06-A26E-B009CA946FFD,α7R III,Sony,Sony FE,35.9,24,35mm,,,"alpha, a7R"
DE7C6FE9-284F-4371-92A3-04A20B7AAC31,α7R IV,Sony,Sony FE,35.7,23.8,35mm,,,"alpha, a7R, ILCE-7RM4"
6A9520E8-35F3-448D-8E8A-CB9ED70A13FE,α7S,Sony,Sony FE,35.6,23.8,35mm,,,"alpha, a7S"
CECDAD29-AE1D-4465-B765-97AD32AB04D1,α7S II,Sony,Sony FE,35.6,23.8,35mm,,,"alpha, a7S"
2730710A-1351-42B2-9EA4-9D383284158C,α7S III,Sony,Sony FE,35.6,23.8,35mm,,,"alpha, a7S"
91811EAE-6010-4F5A-93E6-46EAF178A958,α9,Sony,Sony FE,35.6,23.8,35mm,,,"alpha, a9"
ED1B5588-83C8-4305-B668-9CFA85C91CA2,α9 II,Sony,Sony FE,35.6,23.8,35mm,,,"alpha, a9"
