ID,Name,Brand,Mount,Min. Focal Length (mm),Max. Focal Length (mm),Min. F Value,Max. F Value,Min. Focus Distance (mm),Keywords
8923d6e5-c79b-4988-a206-b18cd9ff1d45,EF8-15mm F4L Fisheye USM,Canon,Canon EF,8,15,4,22,150,
9feaa701-4e32-4936-8fbb-872da8110fe4,EF11-24mm F4L USM,Canon,Canon EF,11,24,4,22,280,
af50c4c4-ebbb-4aae-b768-a72e1822d07c,EF14mm F2.8L II USM,Canon,Canon EF,14,14,2.8,22,200,
ffe1ca4a-69d5-416e-aafe-a434c445f9bf,EF15mm F2.8 Fisheye,Canon,Canon EF,15,15,2.8,22,200,
401e1138-f42c-4bd9-b191-20391cf9dd33,EF16-35mm F2.8L II USM,Canon,Canon EF,16,35,2.8,22,280,
e05b0e02-ff7f-49ce-b4db-89c887b6dbd3,EF16-35mm F2.8L III USM,Canon,Canon EF,16,35,2.8,22,280,
ca783b14-4720-4936-9897-c7e8cd9b06f8,EF16-35mm F4L IS USM,Canon,Canon EF,16,35,4,22,280,
0d856312-983d-419d-aaab-6c431b461e85,EF17-40mm F4L USM,Canon,Canon EF,17,40,4,22,280,
c4549a2f-8b5d-49d8-b0c3-8aafa7409dbb,EF20mm F2.8 USM,Canon,Canon EF,20,20,2.8,22,250,
172d7922-7786-4f1c-a62c-c0c443dc560a,EF24mm F1.4L II USM,Canon,Canon EF,24,24,1.4,22,250,
8fa74e07-2271-4e0c-9d98-2ad2b7f4f3c7,EF24mm F2.8 IS USM,Canon,Canon EF,24,24,2.8,22,200,
47be0709-5b59-42b4-bdd4-25c73ba5d8bf,EF24-70mm F2.8L II USM,Canon,Canon EF,24,70,2.8,22,380,
04268918-331a-4a51-a334-6d30c43061b1,EF24-70mm F4L IS USM,Canon,Canon EF,24,70,4,22,200,
d091bf75-7643-4225-9aa2-988ae18cd102,EF24-105mm F3.5-5.6 IS STM,Canon,Canon EF,24,105,3.5,36,400,
e4ec68d2-2cb7-48e1-8652-4f3b3e4ddadd,EF24-105mm F4L IS II USM,Canon,Canon EF,24,105,4,22,450,
ea4da688-bdeb-4fb2-97d4-4167e6b9fe59,EF24-105mm F4L IS USM,Canon,Canon EF,24,105,4,22,450,
a83efbc2-5088-4399-bf40-179503536b8c,EF28mm F1.8 USM,Canon,Canon EF,28,28,1.8,22,250,
5bf5d868-d549-4492-9bfc-c413a1565353,EF28mm F2.8 IS USM,Canon,Canon EF,28,28,2.8,22,230,
3528cea9-19f3-4794-bab2-9fea9ebe66b7,EF28-300mm F3.5-5.6L IS USM,Canon,Canon EF,28,300,3.5,38,300,
0f608e7e-cdb7-4aea-addf-ee424dc6e488,EF35mm F1.4L II USM,Canon,Canon EF,35,35,1.4,22,280,
a11b9715-cbca-4cd5-a76c-7c88c7a86bcb,EF35mm F1.4L USM,Canon,Canon EF,35,35,1.4,22,300,
239a3ca2-0343-43d6-999a-e79a6c81c512,EF35mm F2 IS USM,Canon,Canon EF,35,35,2,22,240,
b93b3c41-8c93-4506-b65a-a0e6745b5735,EF40mm F2.8 STM,Canon,Canon EF,40,40,2.8,22,300,
589ea516-93e5-4bcd-b149-857a97416325,EF50mm F1.2L USM,Canon,Canon EF,50,50,1.2,16,450,
ffd8d2fc-bf40-446c-95cc-b4a4d3569a15,EF50mm F1.4 USM,Canon,Canon EF,50,50,1.4,22,450,
dcd011d8-8e42-4e98-bd81-ec72321a38a8,EF50mm F1.8 II,Canon,Canon EF,50,50,1.8,22,450,
7025ba7a-9373-4fee-8dd6-aba0604a5211,EF50mm F1.8 STM,Canon,Canon EF,50,50,1.8,22,350,
c2241f46-337e-4ec8-b2ff-46604d5ff3b0,EF50mm F2.5 Compact Macro,Canon,Canon EF,50,50,2.5,32,230,
e1a82eba-5d28-47ad-b0e1-4339ea5453cd,MP-E 65mm 1-5x Macro Lens,Canon,Canon EF,65,65,2.5,16,240,
d804ac91-e7cd-45f3-a687-c5a954c8d423,EF70-200mm F2.8L IS II USM,Canon,Canon EF,70,200,2.8,32,1200,
c525ded8-9df7-4c35-8285-d5dc7fe0cd46,EF70-200mm F2.8L USM,Canon,Canon EF,70,200,2.8,32,1500,
1c631451-286d-4f84-942f-7d82e2dd0490,EF70-200mm F4L IS USM,Canon,Canon EF,70,200,4,32,1200,
25f34628-44d5-4364-a021-d5ec54ff00b8,EF70-200mm F4L USM,Canon,Canon EF,70,200,4,32,1200,
dc02a522-50a6-41c1-81c7-c2e5ee1c85b8,EF70-300mm F4-5.6 IS II USM,Canon,Canon EF,70,300,4,45,1200,
ade65cf0-d71d-45f6-8afe-b019f55067b5,EF70-300mm F4-5.6 IS USM,Canon,Canon EF,70,300,4,45,1500,
05e3733a-f49d-45c1-853a-af5eb13f6936,EF70-300mm F4-5.6L IS USM,Canon,Canon EF,70,300,4,45,1200,
123866cc-7bf5-4b2a-a2c8-1e474c93c904,EF70-300mm F4.5-5.6 DO IS USM,Canon,Canon EF,70,300,4.5,38,1400,
4c293f89-e4fc-4b55-95f3-5cda1fea16d5,EF85mm F1.2L II USM,Canon,Canon EF,85,85,1.2,16,950,
08a16221-a9e8-48a5-82e9-a753bf473349,EF85mm F1.4L IS USM,Canon,Canon EF,85,85,1.4,22,850,
2f812ee4-8782-4861-bd77-c900de879064,EF85mm F1.8 USM,Canon,Canon EF,85,85,1.8,22,850,
16fa4587-ff0b-4e96-9cb0-856b0182beee,EF100mm F2 USM,Canon,Canon EF,100,100,2,22,900,
31142458-3a3f-4ef4-b964-c817d58644e8,EF100mm F2.8 Macro USM,Canon,Canon EF,100,100,2.8,32,310,
6ce486f6-1d8f-4a21-8fe0-0c369aae0e6b,EF100mm F2.8L Macro IS USM,Canon,Canon EF,100,100,2.8,32,300,
e00ad19f-010a-4e4e-bc42-5bf7f961262c,EF100-400mm F4.5-5.6L IS II USM,Canon,Canon EF,100,400,4.5,40,980,
e2577713-e634-4f60-aaf3-d542955087f5,EF100-400mm F4.5-5.6L IS USM,Canon,Canon EF,100,400,4.5,38,1800,
b7e12cee-dc3f-4088-afb8-417c15a94f3c,EF135mm F2L USM,Canon,Canon EF,135,135,2,32,900,
46139773-edc9-45ad-92b5-858ef9783896,EF180mm F3.5L Macro USM,Canon,Canon EF,180,180,3.5,32,480,
3be0c5e8-8377-4142-881a-4ff894de6a5a,EF200mm F2.8L II USM,Canon,Canon EF,200,200,2.8,32,1500,
9f8f473f-6330-4c99-9994-7cea8d071dba,EF200mm F2L IS USM,Canon,Canon EF,200,200,2,32,1900,
dac3e6c9-dd48-4f87-9ca0-0990a6997d73,EF 200-400mm f/4L IS USM Extender 1.4x,Canon,Canon EF,200,400,4,45,2000,
ade24f71-d207-43ef-b0a8-3a431c990791,EF300mm F2.8L IS II USM,Canon,Canon EF,300,300,2.8,32,2000,
8f5c079b-c8e6-478c-8c43-8b28cd066c1c,EF300mm F2.8L IS USM,Canon,Canon EF,300,300,2.8,32,2500,
233b5091-8a37-434f-814f-6a4abf9a25c0,EF300mm F4L IS USM,Canon,Canon EF,300,300,4,32,1500,
72bd13fb-f7ed-4f76-87f3-2db5927d72a5,EF400mm F2.8L IS II USM,Canon,Canon EF,400,400,2.8,32,2700,
f89c2b13-567d-4f0e-bdf2-2df8e0aaaf01,EF400mm F2.8L IS III USM,Canon,Canon EF,400,400,2.8,32,2500,
77876e51-578e-466b-855c-cbfc2fba4f13,EF400mm F2.8L IS USM,Canon,Canon EF,400,400,2.8,32,3000,
f4eea3e5-bec7-449d-a084-c75cd2dbc5a3,EF400mm F4 DO IS II USM,Canon,Canon EF,400,400,4,32,3300,
73a7ee28-bec8-422a-8237-739c7c9d85f4,EF400mm F5.6L USM,Canon,Canon EF,400,400,5.6,32,3500,
91e34d26-ad86-4e36-a7a1-ffa86657d99e,EF500mm F4L IS II USM,Canon,Canon EF,500,500,4,32,3700,
74f6cd86-c25c-4308-a25b-279197d340a5,EF500mm F4L IS USM,Canon,Canon EF,500,500,4,32,4500,
910e6658-c86f-4508-9f31-c90b359bf62f,EF600mm F4L IS II USM,Canon,Canon EF,600,600,4,32,4500,
37c54dc9-9ddb-4950-96b2-97b5f4cbc9e6,EF600mm F4L IS III USM,Canon,Canon EF,600,600,4,32,4200,
92ec6289-22d0-43c9-8f93-76274cd15cf5,EF600mm F4L IS USM,Canon,Canon EF,600,600,4,32,5500,
a8d9c185-b801-4eff-9f1b-5df030565c86,EF800mm F5.6L IS USM,Canon,Canon EF,800,800,5.6,32,6000,
e667b78f-ca34-4ad2-ab97-972d931d8de9,EF-M11-22mm F4-5.6 IS STM,Canon,Canon EF-M,11,22,4,32,150,
a3e86fce-6777-4225-94f8-02e69f5b116e,EF-M15-45mm F3.5-6.3 IS STM,Canon,Canon EF-M,15,45,3.5,40,250,
07fea70f-7e60-4ee5-8c5a-d3b3c4506e37,EF-M18-55mm F3.5-5.6 IS STM,Canon,Canon EF-M,18,55,3.5,38,250,
5e0e51c9-bec3-4cf0-9172-b93f8fffa9d4,EF-M18-150mm F3.5-6.3 IS STM,Canon,Canon EF-M,18,150,3.5,40,250,
da3b0b24-c594-432c-b2c5-624766a4fc2f,EF-M22mm F2 STM,Canon,Canon EF-M,22,22,2,22,150,
fba5935d-2f41-46ff-af3f-84bde74714f2,EF-M 28mm F3.5 Macro IS STM,Canon,Canon EF-M,28,28,3.5,22,93,
b79fefb8-d5ad-4897-ad1c-9ab233c0b610,EF-M55-200mm F4.5-6.3 IS STM,Canon,Canon EF-M,55,200,4.5,32,1000,
d83254b4-707a-4701-845a-5106f3c9d58a,EF-S10-18mm F4.5-5.6 IS STM,Canon,Canon EF-S,10,18,4.5,29,220,
93cc7990-88c1-4af6-ab2e-119db0249b9e,EF-S10-22mm F3.5-4.5 USM,Canon,Canon EF-S,10,22,3.5,27,240,
abf13a67-dd42-41b4-b4dd-fd71c0e624ad,EF-S15-85mm F3.5-5.6 IS USM,Canon,Canon EF-S,15,85,3.5,36,350,
5d678c40-0094-4456-879b-e9688b389db6,EF-S17-55mm F2.8 IS USM,Canon,Canon EF-S,17,55,2.8,22,350,
a28ca06f-c7c2-48f9-bf91-fe959416964d,EF-S18-55mm F3.5-5.6 IS II,Canon,Canon EF-S,18,55,3.5,38,250,
473fa997-2ec9-4571-ad2e-55e15949f3c0,EF-S18-55mm F3.5-5.6 IS STM,Canon,Canon EF-S,18,55,3.5,38,250,
34be405d-e625-4994-9a73-2f7b15e1fdcc,EF-S18-55mm F4-5.6 IS STM,Canon,Canon EF-S,18,55,4,32,250,
71483027-20f5-4757-803a-35be59513227,EF-S18-135mm F3.5-5.6 IS,Canon,Canon EF-S,18,135,3.5,36,450,
6aad9318-0aa4-43bc-ab06-34a449be1e7c,EF-S18-135mm F3.5-5.6 IS STM,Canon,Canon EF-S,18,135,3.5,36,390,
f4019c79-a0ab-4126-8ddc-8a6b792506cb,EF-S18-135mm F3.5-5.6 IS USM,Canon,Canon EF-S,18,135,3.5,36,390,
ce748a28-1dbe-4864-9bd7-6064343e488b,EF-S18-200mm F3.5-5.6 IS,Canon,Canon EF-S,18,200,3.5,38,450,
23c48ff6-3ae9-47e6-bac4-ab6e7d98a131,EF-S24mm F2.8 STM,Canon,Canon EF-S,24,24,2.8,22,160,
bb937d08-b066-492b-9487-a5991a339c24,EF-S55-250mm F4-5.6 IS II,Canon,Canon EF-S,55,250,4,32,1100,
6c54c8ca-1e8c-429f-ba91-bf12aa1cf50d,EF-S55-250mm F4-5.6 IS STM,Canon,Canon EF-S,55,250,4,32,850,
afe66168-7640-43de-a658-70860a1052be,EF-S60mm F2.8 Macro USM,Canon,Canon EF-S,60,60,2.8,22,200,
082dbbcc-dd10-421a-80ec-173ba399b91e,RF15-35mm F2.8 L IS USM,Canon,Canon RF,15,35,2.8,22,280,
7385b6d1-b57c-4725-86f7-b8307663aa9e,RF24-70mm F2.8 L IS USM,Canon,Canon RF,24,70,2.8,22,210,
010b2ba8-0e0f-43fb-9cb7-d4edc74880ec,RF24-105mm F4 L IS USM,Canon,Canon RF,24,105,4,22,450,
83e570ef-f940-41fc-9525-54812146a7be,RF24-105mm F4-7.1 IS STM,Canon,Canon RF,24,105,4,40,130,
c7441b17-d52a-4251-94fe-2f63a682e7cd,RF24-240mm F4-6.3 IS USM,Canon,Canon RF,24,240,4,36,500,
e7927485-c6df-491f-8e2b-4b56e4f3c256,RF28-70mm F2 L USM,Canon,Canon RF,28,70,2,22,390,
3158aa4f-319a-4202-b807-1028e0d8b6f5,RF35mm F1.8 Macro IS STM,Canon,Canon RF,35,35,1.8,22,170,
6a3f6463-ee6a-44f4-aead-3def4b08fa35,RF50mm F1.2 L USM,Canon,Canon RF,50,50,1.2,16,400,
098f8a67-2c06-4249-9698-8e382402d4f1,RF70-200mm F2.8 L IS USM,Canon,Canon RF,70,200,2.8,32,700,
196bfc7c-cfbb-442e-967b-9bf6f7c0bb12,RF85mm F1.2 L USM,Canon,Canon RF,85,85,1.2,16,850,
a2bb127a-a54a-494a-8f2e-80c9a05d79a3,RF85mm F1.2 L USM DS,Canon,Canon RF,85,85,1.2,16,850,
9b8c0d2c-3bc7-4669-bea6-1dc920e1084e,RF85mm F2 Macro IS STM,Canon,Canon RF,85,85,2,29,350,
84d31cb1-8c74-4c97-a5a5-951749061069,RF100-500mm F4.5-7.1 L IS USM,Canon,Canon RF,100,500,4.5,51,900,
43c1fac0-a1a8-4bbc-8af5-c9ecd55a6525,RF600mm F11 IS STM,Canon,Canon RF,600,600,11,11,4500,
ece3a556-a429-4d68-b4a1-62691a96fb8b,RF800mm F11 IS STM,Canon,Canon RF,800,800,11,11,6000,
42adaac1-75d7-4da7-9f3f-db8083756d65,GF50mm F3.5 R LM WR,Fujifilm,Fujifilm G,50,50,3.5,32,550,
68d9279c-7ab7-4c9a-ad22-c204f008a42a,GF100-200mm F5.6 R LM OIS WR,Fujifilm,Fujifilm G,100,200,5.6,32,600,
eccf9e46-191a-43b0-83dd-aaa94264d2ce,XF10-24mm F4 R OIS,Fujifilm,Fujifilm X,10,24,4,22,240,
f131ee4f-0f79-4d1b-8362-e019e2fe7a8b,XF14mm F2.8 R,Fujifilm,Fujifilm X,14,14,2.8,22,180,
406dd918-08b7-4808-a4ab-16a9e432bef6,XF16mm F1.4 R WR,Fujifilm,Fujifilm X,16,16,1.4,16,150,
d867d2db-2ba5-4643-bd3f-81719e8b22f8,XF16mm F2.8 R WR,Fujifilm,Fujifilm X,16,16,2.8,22,170,
57691b9b-ee1a-4d4b-94aa-8a8e615f2ccf,XC16-50mm F3.5-5.6 OIS,Fujifilm,Fujifilm X,16,50,3.5,22,300,
f4a9b68c-63d9-4e2c-b924-8461e26343ac,XC16-50mm F3.5-5.6 OIS II,Fujifilm,Fujifilm X,16,50,3.5,22,150,
088c6da4-db37-441b-8d11-6d1f6ab00b17,XF16-55mm F2.8 R LM WR,Fujifilm,Fujifilm X,16,55,2.8,22,300,
6dbe54f1-25af-4170-b761-58b9cb318cb4,XF16-80mm F4 R OIS WR,Fujifilm,Fujifilm X,16,80,4,22,350,
a4e95d59-87f9-4789-8117-5999fba02404,XF18mm F2 R,Fujifilm,Fujifilm X,18,18,2,16,180,
aabc0646-1b34-4c0f-8058-0feffd23b13e,XF18-55mm F2.8-4 R LM OIS,Fujifilm,Fujifilm X,18,55,2.8,22,300,
128e9506-bb3f-434e-be17-9f8cb95b4da2,XF18-135mm F3.5-5.6 R LM OIS WR,Fujifilm,Fujifilm X,18,135,3.5,22,450,
aac7f6ce-14aa-4a01-9a6b-167d79f44746,XF23mm F1.4 R,Fujifilm,Fujifilm X,23,23,1.4,16,280,
394d0ffd-3c71-4992-afed-1ef20f514026,XF23mm F2 R WR,Fujifilm,Fujifilm X,23,23,2,16,220,
ff2b8fc2-85aa-4835-b647-6123106291f2,XF27mm F2.8,Fujifilm,Fujifilm X,27,27,2.8,16,340,
3973a6b5-7bb7-4c02-bd3b-29d8dfd4c83e,XF35mm F1.4 R,Fujifilm,Fujifilm X,35,35,1.4,16,280,
46c76b3d-6a01-4ce8-a1f6-fe106b6a33e1,XF35mm F2 R WR,Fujifilm,Fujifilm X,35,35,2,16,350,
23852974-9b93-4eca-bc6f-1ef6bf319a64,XF50mm F2 R WR,Fujifilm,Fujifilm X,50,50,2,16,390,
cd74705d-12b7-4f29-bd60-a0e540fe1898,XF50-140mm F2.8 R LM OIS WR,Fujifilm,Fujifilm X,50,140,2.8,22,1000,
bed956bd-a11d-48d6-bee6-8e5a65405169,XC50-230mm F4.5-6.7 OIS,Fujifilm,Fujifilm X,50,230,4.5,22,1100,
5895dc50-e565-49fa-a829-a7086344bb15,XC50-230mm F4.5-6.7 OIS II,Fujifilm,Fujifilm X,50,230,4.5,22,1100,
f91d421e-d600-459d-baa7-0d6a8d13dcd1,XF55-200mm F3.5-4.8 R LM OIS,Fujifilm,Fujifilm X,55,200,3.5,22,1100,
7d48d1de-bbbe-4476-99d3-94f44d44a4c4,XF56mm F1.2 R,Fujifilm,Fujifilm X,56,56,1.2,16,700,
55410746-453e-4c39-8876-dfddcda30b52,XF56mm F1.2 R APD,Fujifilm,Fujifilm X,56,56,1.2,16,700,
9ed63b9c-0549-436d-83a1-fc37d1faae70,XF60mm F2.4 R Macro,Fujifilm,Fujifilm X,60,60,2.4,22,267,
b24dc088-4cc9-4fa9-8cfb-9d13124b77e3,XF80mmF2.8 R LM OIS WR Macro,Fujifilm,Fujifilm X,80,80,2.8,22,250,
9df2d2e0-de3d-4a9a-8768-4f32bf842fc6,XF90mm F2 R LM WR,Fujifilm,Fujifilm X,90,90,2,16,600,
1c8abe2c-ba38-4389-b378-aec95d1431b0,XF100-400mm F4.5-5.6 R LM OIS WR,Fujifilm,Fujifilm X,100,400,4.5,22,1750,
19bd6cd2-d02a-4ad3-adda-386d7e5244b9,XF200mm F2 R LM OIS WR,Fujifilm,Fujifilm X,200,200,2,22,1800,
83a71403-9141-4def-895f-4393ba0f20b9,XCD 4/21mm,Hasselblad,XCD,21,21,4,32,320,
a9dcaaed-2bdf-4ad8-ba90-595a72d4b2ea,"XCD 3,5/30mm",Hasselblad,XCD,31,31,3.5,32,400,
e94a35b0-0fc1-4b0a-9ea7-af05ce2157e4,"XCD 3,5-4,5/35-75mm",Hasselblad,XCD,35,75,3.5,4.5,600,
d8fd2c01-76ce-44b2-ba5e-28b125f9a906,"XCD 3,5/45mm",Hasselblad,XCD,45,45,3.5,32,400,
5c12f3a2-f4e1-48da-9046-c6604cabfa03,"XCD 2,8/65mm",Hasselblad,XCD,65,65,2.8,32,500,
b88e055e-d0b6-485d-8ac2-ff25c582ed49,"XCD 1,9/80mm",Hasselblad,XCD,80,80,1.9,32,700,
717d1ec6-998a-46b2-bf18-fe841edd2571,"XCD 3,2/90mm",Hasselblad,XCD,90,90,3.2,32,700,
b251b44d-12ee-4896-9eda-0bcffca1a05a,"XCD 3,5/120mm",Hasselblad,XCD,120,120,3.5,32,430,
fb0859f8-f9e8-4a9e-b004-b7210e788c0d,"XCD 2,8/135mm",Hasselblad,XCD,135,135,2.8,32,1050,
5dc24e95-91c8-4917-8561-11c507326c34,KF-M400,Kenko,"Canon EF, MFT, Nikon 1, Nikon F, Pentax K, Sony A, Sony E",400,400,8,8,1150,Reflex
02e0d06e-21b2-4a60-afb7-c8f290b28bad,PIXPRO ED 12-45mm F3.5-6.3 AF SZ,Kodak,MFT,12,45,3.5,22,350,
cc551bf9-9124-457b-8661-47f59f76a39d,PIXPRO ED 42.5-160mm F3.9-5.9 AF SZ,Kodak,MFT,42.5,160,3.9,22,1000,
e14b6f10-067c-43a0-af13-0a284494e67d,PIXPRO SF 400mm F6.7,Kodak,MFT,400,400,6.7,6.7,9000,
7063bccb-58d4-4886-addb-f9ce7642d676,Prominar 8.5mm F2.8,Kowa,MFT,8.5,8.5,2.8,16,200,
97ceafb3-ae52-4b22-83cc-936c854e5248,Prominar 12mm F2.8,Kowa,MFT,12,12,1.8,16,200,
d6504e67-2eff-4237-a5fb-d177e24d1494,Prominar 25mm F1.8,Kowa,MFT,25,25,1.8,16,200,
8d28d030-6c99-4528-85c4-ca65d08345fb,V-DX 60mm f/2.8 Ultra-Macro Lens,Laowa,"Canon EF, Nikon F, Pentax K, Sony A",60,60,2.8,22,185,venus
b42a75b2-b2cc-4cd6-b18f-bfab535da263,12mm F2.8 Zero-D,Laowa,"Canon EF, Nikon F, Pentax K, Sony A, Sony E",12,12,2.8,22,180,
f1b6b1ee-a2b0-47a8-8f78-266b6150c8d1,15mm f/4 Wide Angle 1:1 Macro Lens,Laowa,"Canon EF, Nikon F, Pentax K, Sony A, Sony E",15,15,4,32,120,venus
4054bcb7-5b89-44bd-8589-1b62c98f2cd1,STF 105mm F2.0,Laowa,"Canon EF, Nikon F, Pentax K, Sony A, Sony E",105,105,2,22,900,"venus, bokeh dreamer"
12dc857c-278e-42dc-9284-787a59d2a0c0,25mm f/2.8 2.5-5X Ultra Macro,Laowa,"Canon EF, Nikon F, Pentax K, Sony E",25,25,2.8,16,173,
f4a2004e-a88a-4173-88a7-180a3c129b91,9mm F2.8 Zero-D,Laowa,"Canon EF-M, Fujifilm X, Sony E",9,9,2.8,22,120,
3742a792-2855-4c5f-9b73-5708f7ee7823,100mm F2.8 2X Ultra Macro APO,Laowa,"Canon FE, Nikon F, Sony E",100,100,2.8,22,247,venus
29e668f2-c9bf-4cff-b35a-461db22d928c,17mm f/4 Zero-D,Laowa,Fujifilm G,17,17,4,32,200,venus
166c22fb-b812-424c-a58e-6431079e1e17,7.5mm F2 MFT,Laowa,MFT,7.5,7.5,2,22,120,
748b0d33-8161-4897-b885-abbfe3b6d9c0,Vario-Elmarit-SL f2.8-4/24-90mm Asph.,Leica,Leica L,24,90,2.8,22,300,
486037d2-adfb-4612-849b-12bcd1cd6b94,APO-Summicron-SL f2/35mm Asph.,Leica,Leica L,35,35,2,22,270,
72e39d0f-887c-4c2e-89c6-625a5153d9c2,APO-Summicron-SL f2/50mm Asph.,Leica,Leica L,50,50,2,22,350,
67125043-54e5-4640-974e-d6b3a9ee4891,Summilux-SL f1.4/50mm Asph.,Leica,Leica L,50,50,1.4,22,600,
b33d73f4-6f86-4b58-9680-a1141d4b3d9f,APO-Summicron-SL f2/90mm Asph.,Leica,Leica L,90,90,2,22,600,
2c597392-087e-45cb-855e-8d59d8340717,APO-Vario-Elmarit-SL f2.8-4/90-280mm,Leica,Leica L,90,280,2.8,22,600,
f2de4728-7bdd-4090-80bc-b130d603fcb1,Tri-Elmar-M f4/16-18-21mm Asph.,Leica,Leica M,16,21,4,22,500,
dd5118ae-b51b-43ed-80d6-faa565fe35db,Super-Elmar-M f3.8/18mm Asph.,Leica,Leica M,18,18,3.8,16,700,
840feb0e-2dfb-405c-878f-118bf6a00583,Super-Elmar-M f3.4/21mm Asph.,Leica,Leica M,21,21,3.4,16,700,
2417e788-daa8-4ae6-adab-4ca4681d592c,Summilux-M f1.4/21mm Asph.,Leica,Leica M,21.6,21.6,1.4,16,700,
23c28b80-8860-4b68-8126-6ef07e69349d,Summilux-M f1.4/24mm Asph.,Leica,Leica M,24.3,24.3,1.4,16,700,
fd033eed-686a-47d5-8c6f-e117c1613a56,Elmar-M f3.8/24mm Asph.,Leica,Leica M,24.5,24.5,3.8,16,700,
f8f556be-80c0-47b7-87b4-fc93d19ad062,Summicron-M f2/28mm Asph.,Leica,Leica M,28,28,2,16,700,
65a6d21d-1570-4a81-b18d-cefcf4ac1f3c,Summilux-M f1.4/28mm Asph.,Leica,Leica M,28,28,1.4,16,700,
c23b91c0-ea85-41de-b63b-f364b2c52d17,Elmarit-M f2.8/28mm Asph.,Leica,Leica M,28.4,28.4,2.8,22,700,
5c1600ff-0fc1-40e3-8fb9-edc0843b1dee,Summarit-M f2.4/35mm Asph.,Leica,Leica M,35,35,2.4,16,800,
6b09ea56-8461-4efa-8b99-10aed26c2fe7,Summarit-M f2.5/35mm,Leica,Leica M,35.4,35.4,2.5,16,800,
4646d30b-af27-4709-aacb-f729033e51b8,Summilux-M f1.4/35mm Asph.,Leica,Leica M,35.6,35.6,1.4,16,700,
7b4330ce-d3b5-4513-96ac-f07dffd784b4,APO-Summicron-M f2/50mm Asph.,Leica,Leica M,50,50,2,16,700,
2a06982e-9715-4ea3-a275-782f690c4efe,Summicron-M f2/50mm,Leica,Leica M,50,50,2,16,700,
1ba40ad7-6d42-4abf-b605-916c2c794965,Summicron-M f2/50mm Asph.,Leica,Leica M,50,50,2,16,700,
be4bbb35-23b9-44f8-ae34-84026ea9e862,Summarit-M f2.4/50mm,Leica,Leica M,50.1,50.1,2.4,16,800,
cb5d88d0-44b0-4a9f-b0f2-503ea2e68b63,Summarit-M f2.5/50mm,Leica,Leica M,50.1,50.1,2.5,16,700,
41f22d44-ffc4-4d26-a5fe-e632cedd4133,Summilux-M f1.4/50mm Asph.,Leica,Leica M,51.6,51.6,1.4,16,700,
c903e58c-a1fd-4a36-aad1-5d21308ac216,Noctilux-M f0.95/50mm Asph.,Leica,Leica M,52.3,52.3,0.95,16,1000,
8bd73d27-6f6d-4c8d-a97c-6175ef8b841e,Summarit-M f2.4/75mm,Leica,Leica M,75,75,2.4,16,700,
18bc9644-3329-4a20-9745-2c33897b69e2,Summarit-M f2.5/75mm,Leica,Leica M,75,75,2.5,16,900,
a24e1f0a-3c97-48e4-b258-debfba9be68a,Elmarit-M 2.8/90mm,Leica,Leica M,90,90,2.8,22,1000,
0f0feea5-ff77-4b77-98d9-90cd9cf6808e,Macro-Elmar-M f4/90mm Asph.,Leica,Leica M,90,90,4,22,800,
9352ddba-5ecf-4c88-a3e4-675aa19b3092,Summarit-M f2.4/90mm,Leica,Leica M,90,90,2.5,16,900,
65acdea1-6ee5-4511-8e00-95f3d3842ff3,Thambar-M f2.2/90mm,Leica,Leica M,90,90,2.2,25,1000,
90144658-2a3e-49a5-888b-f153e4ebf76c,Summarit-M f2.5/90mm,Leica,Leica M,91,91,2.5,16,1000,
ed2c632b-9919-482f-bee0-1e783d5e0836,APO-Telyt-M f3.4/135mm,Leica,Leica M,136,136,3.4,22,1500,
9ef3970b-a0ee-4a8c-aa78-ade817187f76,Super-Elmar-S f3.5/24mm Asph.,Leica,Leica S,24,24,3.5,22,400,
cc753638-d807-45c7-8052-cd6b324a9987,Elmarit-S f2.8/30mm Asph.,Leica,Leica S,30,30,2.8,22,500,
bf24ba96-0804-43fe-9679-476cfdb9efa6,Vario-Elmar-S f3.5-5.6/30-90mm Asph.,Leica,Leica S,30,90,3.5,32,650,
94fe51ac-c053-4c92-8a20-4a965efca78e,Summarit-S f2.5/35mm,Leica,Leica S,35,35,2.5,22,550,
775aacd5-784b-4f04-aacc-493169cf7515,Elmarit-S f2.8/45mm Asph.,Leica,Leica S,45,45,2.8,22,600,
92fe6af9-3d40-49af-95ab-3a41b25b0b3c,Summarit-S f2.5/70mm Asph.,Leica,Leica S,70,70,2.5,22,500,
c9dd53c5-f723-4e35-a79f-5a1bf51a1e31,Summicron-S f2/100mm Asph.,Leica,Leica S,100,100,2,22,700,
ab645b13-c48a-47e0-b3d8-7247e5044dea,APO-Macro-Summarit-S f2.5/120mm,Leica,Leica S,120,120,2.5,22,570,
3309e49a-3192-4bac-8be9-c799c24c5746,TS-APO-Elmar-S f5.6/120mm Asph.,Leica,Leica S,120,120,5.6,32,950,
f1200c33-49c3-4387-98b7-ab8519e76936,APO-Elmar-S f3.5/180mm Asph.,Leica,Leica S,180,180,3.5,32,1500,
9edadcef-bf65-4558-b53e-c70acf6cfaf7,Super-Vario-Elmar-T f3.5-4.5/11-23mm Asph.,Leica,Leica T,11,23,3.5,16,200,
5bcdbaa6-f4c5-412c-8877-607b68087864,Vario-Elmar-T f3.5-5.6/18-56mm Asph.,Leica,Leica T,18,56,3.5,16,300,
d461ae16-2061-40f6-a3f5-1c8100d6e34a,Summicron-T f2/23mm Asph.,Leica,Leica T,23,23,2,16,350,
d350ea26-0363-40be-9019-3fe94eb1fa8c,Summilux-TL f1.4/35mm Asph.,Leica,Leica T,35,35,1.4,16,400,
d2c7652c-a2e2-49b2-be09-1c44730aaad1,APO-Vario-Elmar-T f3.5-4.5/55-135mm Asph.,Leica,Leica T,55,135,3.5,16,1000,
d3ec5967-5557-4458-9710-a8c384526655,APO-Macro-Elmarit-TL f2.8/60mm Asph.,Leica,Leica T,60,60,2.8,32,160,
bd873e96-8818-4c9d-83eb-27e6bd137973,1 Nikkor VR 6.7-13mm f/3.5-5.6,Nikon,Nikon 1,6.7,13,3.5,16,250,
730ddfd6-32bb-4a0a-a6ab-a374443decf7,1 Nikkor 10mm f/2.8,Nikon,Nikon 1,10,10,2.8,11,200,
b18ac7ae-e53d-404d-be90-2ce2173678e5,1 Nikkor AW 10mm f/2.8,Nikon,Nikon 1,10,10,2.8,11,200,
718c29a6-a447-4752-90b6-d47a96e266a2,1 Nikkor VR 10-30mm f/3.5-5.6 PD-ZOOM,Nikon,Nikon 1,10,30,3.5,16,200,
768e80ec-cde8-44db-aeb9-5b06f816d87d,1 Nikkor VR 10-100mm f/4-5.6,Nikon,Nikon 1,10,100,4,16,300,
51f09d7d-9a32-4d3d-b55d-02a6e688f91f,1 Nikkor VR 10-100mm f/4.5-5.6 PD-ZOOM,Nikon,Nikon 1,10,100,4,16,300,
33dcf14e-8b1e-49d3-8d55-ac20d0bff602,1 Nikkor 11-27.5mm f/3.5-5.6,Nikon,Nikon 1,11,27,3.5,16,300,
12e37be5-9bf0-44ad-b5ad-4feb855035fa,1 Nikkor 18.5mm f/1.8,Nikon,Nikon 1,18.5,18.5,1.8,16,200,
23a457e8-1eaa-4b7f-aa28-4d277308b4b9,1 Nikkor VR 30-110mm f/3.8-5.6,Nikon,Nikon 1,30,110,3.8,16,1000,
c0c4cdce-0b42-4f66-b63c-f3edc4bdb89a,1 Nikkor 32mm f/1.2,Nikon,Nikon 1,32,32,1.2,16,450,
354c9cdc-9702-4378-92ea-f917c598de20,1 Nikkor VR 70-300mm f/4.5-5.6,Nikon,Nikon 1,70,300,4.5,16,1000,
34a97a54-41ba-4e4a-bef6-7995a852ab78,AF-S Fisheye Nikkor 8-15mm f/3.5-4.5E ED,Nikon,Nikon F,8,15,3.5,29,160,
357f0cbe-6e60-40fa-a3c4-11d2bce77399,AF-P DX Nikkor 10-20mm f/4.5-5.6G VR,Nikon,Nikon F,10,20,4.5,29,220,
f6647690-3e1e-4435-b6f9-76eb89fa2826,AF-S DX Nikkor 10-24mm f/3.5-4.5G ED,Nikon,Nikon F,10,24,3.5,29,240,
e7771054-75ec-4436-8b05-c963a82a1145,AF DX Fisheye-Nikkor 10.5mm f/2.8G ED,Nikon,Nikon F,10.5,10.5,2.8,22,140,
3580cda9-93b0-4be1-8f3c-4183d6f4705e,AF-S DX Zoom-Nikkor 12-24mm f/4G IF-ED,Nikon,Nikon F,12,24,4,22,300,
adcf53d7-0942-4560-b568-e2c1294e9590,Ai AF Nikkor 14mm f/2.8D ED,Nikon,Nikon F,14,14,2.8,22,200,
f98dae95-22c6-4710-9b71-3ceb1ad08a65,AF-S Nikkor 14-24mm f/2.8G ED,Nikon,Nikon F,14,24,2.8,22,280,
3c0c808a-ed0e-47e3-8b8f-e467ff521740,AI Nikkor 15mm F3.5S,Nikon,Nikon F,15,15,3.5,22,300,
fcb81233-08b4-43ef-b34a-079af7410895,AI AF Fisheye-Nikkor 16mm f/2.8D,Nikon,Nikon F,16,16,2.8,22,250,
93430cce-20b9-4264-b16d-925a28f05b10,AF-S Nikkor 16-35mm f/4G ED VR,Nikon,Nikon F,16,35,4,22,290,
12bbd077-10d7-4179-87fd-3b2c81eea84a,AF-S DX Nikkor 16-80mm f/2.8-4E ED VR,Nikon,Nikon F,16,80,2.8,32,350,
37ebd3ee-339e-463b-961d-a2d1bbe0bac6,AF-S DX Nikkor 16-85mm f/3.5-5.6G ED VR,Nikon,Nikon F,16,85,3.5,36,380,
d207920c-bf20-4b3d-9a60-c63f7cac45f5,AI AF-S Zoom-Nikkor 17-35mm f/2.8D IF-ED,Nikon,Nikon F,17,35,2.8,22,280,
212fae85-617e-44ec-a9e1-2173712fee66,AF-S DX Zoom-Nikkor 17-55mm f/2.8G IF-ED,Nikon,Nikon F,17,55,2.8,22,360,
770095fb-4101-4294-82c2-3b20f0fda922,AI AF Nikkor 18mm F2.8D,Nikon,Nikon F,18,18,2.8,22,250,
cbbc5366-858d-474c-965d-267ac318b537,AI Nikkor 18mm F3.5S,Nikon,Nikon F,18,18,3.5,22,250,
c5002c1f-5247-4ab0-9616-9aa2420bcd20,AF-S Nikkor 18-35mm f/3.5-4.5G ED,Nikon,Nikon F,18,35,3.5,29,280,
f79fcf9b-57bf-4243-bcd0-2688d2b07d32,AI AF Zoom-Nikkor 18-35mm f/3.5-4.5D IF-ED,Nikon,Nikon F,18,35,3.5,22,330,
97c75bcd-1b11-477d-8ec9-d24932b6c82b,AF-P DX Nikkor 18-55mm f/3.5-5.6G,Nikon,Nikon F,18,55,3.5,38,250,
4e8465d7-34cc-46de-a936-7a7b2efe1e86,AF-P DX Nikkor 18-55mm f/3.5-5.6G VR,Nikon,Nikon F,18,55,3.5,38,250,
5e55bc6f-7216-4bee-9fe7-e69305d6e453,AF-S DX Nikkor 18-55mm f/3.5-5.6G VR,Nikon,Nikon F,18,55,3.5,36,280,
fd89d5b5-f82d-43b5-a0c7-15b641edcec4,AF-S DX Nikkor 18-55mm f/3.5-5.6G VR II,Nikon,Nikon F,18,55,3.5,36,250,
ce39a2da-c7ea-408b-941c-073807780d1f,AF-S DX Zoom-Nikkor 18-55mm f/3.5-5.6G ED,Nikon,Nikon F,18,55,3.5,38,280,
05f02f64-65c5-488b-94b7-aad1c56478df,AF-S DX Zoom-Nikkor 18-55mm f/3.5-5.6G ED II,Nikon,Nikon F,18,55,3.5,38,280,
943a2823-8d08-42be-abf2-5648e7c6e0d6,AF-S DX Zoom-Nikkor 18-70mm f/3.5-4.5G IF-ED,Nikon,Nikon F,18,70,3.5,29,380,
700bc1cc-36d5-45c7-adc5-db88b572269c,AF-S DX Nikkor 18-105mm f/3.5-5.6G ED VR,Nikon,Nikon F,18,105,3.5,38,450,
65a1e257-9395-44fe-9d4a-1c21ce103504,AF-S DX Zoom-Nikkor ED 18-135mm F3.5-5.6G (IF),Nikon,Nikon F,18,135,3.5,38,450,
97fdb7e8-802b-4454-a662-a7ed6e346632,AF-S DX Nikkor 18-140mm f/3.5-5.6G ED VR,Nikon,Nikon F,18,140,3.5,38,450,
89d7b860-472c-4329-818a-f9a3a345f789,AF-S DX Nikkor 18-200mm f/3.5-5.6G ED VR II,Nikon,Nikon F,18,200,3.5,36,500,
11cb5196-20d8-4248-bd0e-050261e2ee7c,AF-S DX VR Zoom-Nikkor 18-200mm f/3.5-5.6G IF-ED,Nikon,Nikon F,18,200,3.5,36,500,
0553687d-6f61-4a30-a7bf-09f8bedd463b,AF-S DX Nikkor 18-300mm f/3.5-5.6G ED VR,Nikon,Nikon F,18,300,3.5,32,450,
8b8032e0-95db-4111-b282-e911c01bb54f,AF-S DX Nikkor 18-300mm f/3.5-6.3G ED VR,Nikon,Nikon F,18,300,3.5,40,480,
5cb7960d-4762-4550-9a54-41b6b45123f2,AF-S Nikkor 20mm f/1.8G ED,Nikon,Nikon F,20,20,1.8,16,200,
705fd8eb-23ed-4fdd-8b39-1d2a71da478e,Ai AF Nikkor 20mm f/2.8D,Nikon,Nikon F,20,20,2.8,22,250,
efa3b282-f9cc-4649-98e1-0f8f2e0de578,AI Nikkor 20mm f/2.8S,Nikon,Nikon F,20,20,2.8,22,250,
50878eaa-9140-4183-8bcf-4d40bd1f2edf,AF-S Nikkor 24mm f/1.4G ED,Nikon,Nikon F,24,24,1.4,16,250,
f8e59804-9b64-4d24-a03a-1e6aa492ac73,AF-S Nikkor 24mm f/1.8G ED,Nikon,Nikon F,24,24,1.8,16,230,
9eaf15d3-3ad3-4ef2-9bc3-ce0912880b7c,Ai AF Nikkor 24mm f/2.8D,Nikon,Nikon F,24,24,2.8,22,300,
0714071c-1d63-4fb2-842a-3c7c5847ef6f,AI Nikkor 24mm f/2.8S,Nikon,Nikon F,24,24,2.8,22,300,
381d69e0-2d8b-4cca-b320-f36345e45dea,AI Nikkor 24mm F2S,Nikon,Nikon F,24,24,2,22,300,
dbac2c65-da8e-4a7e-a093-24771897ac57,AI AF Zoom Nikkor 24-50mm F3.3-4.5D,Nikon,Nikon F,24,50,3.3,22,500,
bc5d2dec-af5c-4548-a81d-b7247f32525d,AF-S Nikkor 24-70mm f/2.8E ED VR,Nikon,Nikon F,24,70,2.8,22,380,
93f1dd8e-1d3f-48e5-aed2-e01583704cb3,AF-S Nikkor 24-70mm f/2.8G ED,Nikon,Nikon F,24,70,2.8,22,380,
3b6b1df7-1b31-489f-9888-bd9b519172e4,AF-S Nikkor 24-85mm f/3.5-4.5G ED VR,Nikon,Nikon F,24,85,3.5,29,380,
52c501f5-b794-4ce4-bf8b-4f30a54d5868,AF-S Zoom Nikkor 24-85mm F3.5-4.5G (IF),Nikon,Nikon F,24,85,3.5,22,380,
b2dde393-9f3c-45f3-829e-c63049530252,AI AF Zoom-Nikkor 24-85mm f/2.8-4D IF,Nikon,Nikon F,24,85,2.8,22,210,
83ca0c73-a77f-4ab4-9408-541c0e52b11b,AF-S Nikkor 24-120mm f/4G ED VR,Nikon,Nikon F,24,120,4,22,450,
ce845803-808f-49cd-9ae4-3adec8a0a17b,AF-S VR Zoom-Nikkor 24-120mm f/3.5-5.6G IF-ED,Nikon,Nikon F,24,120,3.5,22,500,
8cf87c4a-3bd5-440c-811c-1983783641d4,AI AF Zoom Nikkor 24-120mm F3.5-5.6D (IF),Nikon,Nikon F,24,120,3.5,22,500,
f2f1b643-f56b-4b38-b025-83f40eb1196a,AF-S Nikkor 28mm f/1.4E ED,Nikon,Nikon F,28,28,1.4,16,280,
4d525c21-c16c-4bab-b689-30b5907b0c7b,AF-S Nikkor 28mm f/1.8G,Nikon,Nikon F,28,28,1.8,16,250,
9f4f56ba-11c7-4667-9b79-fc27167583f6,Ai AF Nikkor 28mm f/2.8D,Nikon,Nikon F,28,28,2.8,22,250,
12357097-3725-4623-999f-6454bb645f26,AI AF Nikkor 28mm F1.4D,Nikon,Nikon F,28,28,1.4,16,350,
bb222ac2-c593-4568-944e-af6ac2c0cf5c,AI Nikkor 28mm f/2.8S,Nikon,Nikon F,28,28,2.8,22,200,
c536648b-f293-47d1-9cdd-c24f22eb87fc,AI Nikkor 28mm F2S,Nikon,Nikon F,28,28,2,22,250,
ebbbcbd8-94ff-4077-a4c2-844d058ce89b,PC Nikkor 28mm F3.5,Nikon,Nikon F,28,28,3.5,22,300,
1cf13b9f-09ec-4cb4-b363-c5596fd287df,AI AF-S Zoom Nikkor ED 28-70mm F2.8D (IF),Nikon,Nikon F,28,70,2.8,22,700,
59ce64db-b5d5-44be-ad90-f89c37d7707b,AF Zoom Nikkor 28-80mm F3.3-5.6G,Nikon,Nikon F,28,80,3.3,22,350,
98ef83ae-edec-4932-83d1-0095b02f165e,AI Zoom Nikkor 28-85mm F3.5-4.5S,Nikon,Nikon F,28,85,3.5,22,230,
33d0999d-5f95-4843-b53d-1d91e39b4cd8,AF Zoom Nikkor 28-100mm F3.5-5.6G,Nikon,Nikon F,28,100,3.5,22,560,
680327d6-47c9-46d3-9472-3b2217e8b69f,Ai AF Zoom Nikkor 28-105mm F3.5-4.5D (IF),Nikon,Nikon F,28,105,3.5,22,500,
3a96a88b-28b4-41fa-a067-ea66c26952b1,AF Zoom Nikkor ED 28-200mm F3.5-5.6G (IF),Nikon,Nikon F,28,200,3.5,22,440,
2c5a4af8-d1a4-40bb-98c1-719843a90282,AI AF Zoom Nikkor 28-200mm F3.5-5.6D (IF),Nikon,Nikon F,28,200,3.5,22,850,
60353b5c-874c-40aa-bcf6-0cff224aaadb,AF-S Nikkor 28-300mm f/3.5-5.6G ED VR,Nikon,Nikon F,28,300,3.5,38,500,
865d0ef1-2374-42f2-b261-7bebc6d476e6,AF-S DX Nikkor 35mm f/1.8G,Nikon,Nikon F,35,35,1.8,22,300,
ddad31c6-fcd6-4a06-9b2e-3d8696827ac3,AF-S Nikkor 35mm f/1.4G,Nikon,Nikon F,35,35,1.4,16,300,
26691a27-f79a-4ad4-9c76-050f2cde5199,AF-S Nikkor 35mm f/1.8G ED,Nikon,Nikon F,35,35,1.8,16,250,
f02398f0-7032-48dc-a928-c6f9ad8374f3,Ai AF Nikkor 35mm f/2D,Nikon,Nikon F,35,35,2,22,250,
9d616664-a67a-4804-b496-635a884bf8a2,AI Nikkor 35mm f/1.4S,Nikon,Nikon F,35,35,1.4,16,300,
fb3fb2a3-6232-480e-a13c-ccd6e8fc863d,AI Nikkor 35mm F2S,Nikon,Nikon F,35,35,2,22,300,
a787d6c4-7544-4e3c-b634-fe94cd18bdec,AI AF Zoom Nikkor 35-70mm F2.8D,Nikon,Nikon F,35,70,2.8,22,600,
b434e952-a398-46dd-a1ea-7804084fbe7d,AI Zoom Nikkor 35-70mm F3.3-4.5S,Nikon,Nikon F,35,70,3.3,22,350,
575343f2-3c36-4227-94c1-b86f7d7e4dd3,AI AF Zoom Nikkor 35-105mm F3.5-4.5D (IF),Nikon,Nikon F,35,105,3.5,22,850,
8fd6a0b1-704d-476c-9de7-e93ef41b568d,AI Zoom Nikkor 35-200mm F3.5-4.5S,Nikon,Nikon F,35,200,3.5,22,300,
bc6adb02-1bfb-4bae-920d-9d4c2eabf515,AF-S DX Micro Nikkor 40mm f/2.8G,Nikon,Nikon F,40,40,2.8,22,163,
fdce42f6-4b26-4347-9f98-575b6979fc43,AI Nikkor 45mm F2.8P,Nikon,Nikon F,45,45,2.8,22,450,
ed52d008-079b-4ef2-99c9-af96c3ac71cb,AF-S Nikkor 50mm f/1.4G,Nikon,Nikon F,50,50,1.4,16,450,
2c74879a-559d-4a82-a093-0ae2557779ee,AF-S Nikkor 50mm f/1.8G,Nikon,Nikon F,50,50,1.8,16,450,
c40aba1a-638a-4e0e-9c56-cdcd902da4ad,Ai AF Nikkor 50mm f/1.4D,Nikon,Nikon F,50,50,1.4,16,450,
b83e07c0-f5a7-4b12-9393-2b42fa5e0a6c,Ai AF Nikkor 50mm f/1.8D,Nikon,Nikon F,50,50,1.8,22,450,
7671a992-bac6-402b-a941-2e3aedf2499d,AI AF Nikkor 50mm F1.8S,Nikon,Nikon F,50,50,1.8,22,450,
a00695db-e8be-4e17-ba63-99aa42f94540,AI Nikkor 50mm f/1.2S,Nikon,Nikon F,50,50,1.2,16,500,
d4a83133-340b-4483-bb7f-906037195605,AI Nikkor 50mm f/1.4S,Nikon,Nikon F,50,50,1.4,16,450,
4f6154b2-10c9-4466-8443-ff6347c2c8f7,AI Micro-Nikkor 55mm f/2.8S,Nikon,Nikon F,55,55,2.8,32,250,
8d69bf61-b74f-43c7-9551-d6e55021d61c,AF-S DX Nikkor 55-200mm f/4-5.6G ED VR II,Nikon,Nikon F,55,200,4,32,1000,
5ddb61d8-0c59-40f6-aef6-89005d3c7bcb,AF-S DX VR Zoom-Nikkor 55-200mm f/4-5.6G IF-ED,Nikon,Nikon F,55,200,4,32,1100,
00ade3b5-25c8-4d9c-a795-803b75cc2746,AF-S DX Zoom-Nikkor 55-200mm f/4-5.6G ED,Nikon,Nikon F,55,200,4,32,950,
44d17643-dca1-4275-beec-a9026f9f7492,AF-S DX Nikkor 55-300mm f/4.5-5.6G ED VR,Nikon,Nikon F,55,300,4.5,29,1400,
98fc4e73-2912-4f49-81be-e0c8371b0b5c,AF-S Nikkor 58mm f/1.4G,Nikon,Nikon F,58,58,1.4,16,580,
c9ccc271-4eea-4d83-bbc6-08561233d22f,AF-S Micro Nikkor 60mm f/2.8G ED,Nikon,Nikon F,60,60,2.8,32,185,
fc0bc0b4-4105-4f2a-b666-9681de097358,Ai AF Micro-Nikkor 60mm f/2.8D,Nikon,Nikon F,60,60,2.8,32,219,
73f5b518-c710-4b4f-ae79-cd9301bf86ba,AI AF Zoom Micro Nikkor ED 70-180mm F4.5-F5.6D,Nikon,Nikon F,70,180,4.5,32,370,
351e0586-8f32-49d0-b2b2-13b0f381ee10,AF-S Nikkor 70-200mm f/2.8G ED VR II,Nikon,Nikon F,70,200,2.8,22,1400,
96d5d358-170b-4f5e-ba2c-3e143d7d1574,AF-S Nikkor 70-200mm f/4G ED VR,Nikon,Nikon F,70,200,4,32,1000,
8c064c05-7ea4-4ba8-bdf5-9cd435717119,AF-S VR Zoom-Nikkor ED 70-200mm F2.8G (IF),Nikon,Nikon F,70,200,2.8,22,1400,
d227eee1-b908-4b87-a88c-2464f4e2bbd3,AF Zoom-Nikkor 70-300mm f/4-5.6G,Nikon,Nikon F,70,300,4,32,1500,
fbb4d129-24a0-4188-849e-26465fd335c2,AF-P DX Nikkor 70-300mm f/4.5-6.3G ED,Nikon,Nikon F,70,300,4.5,32,1100,
ef0e9bf0-0483-466d-aa93-d6c0593cc02d,AF-P DX Nikkor 70-300mm f/4.5-6.3G ED VR,Nikon,Nikon F,70,300,4.5,32,1100,
8b406014-c8b3-4acb-827f-774012b5906d,AF-S VR Zoom-Nikkor 70-300mm f/4.5-5.6G IF-ED,Nikon,Nikon F,70,300,4.5,40,1500,
7d9b41b2-b4de-46fb-8ebb-8a1286cac249,AI AF Zoom-Nikkor ED 70-300mm F4-5.6D,Nikon,Nikon F,70,300,4,32,1500,
76a1f0ae-cc33-4f6a-a0e3-2890a05a3632,AI AF Zoom-Nikkor 80-200mm f/2.8D ED,Nikon,Nikon F,80,200,2.8,22,1500,
4e0bcdd6-c7f6-42d2-a655-e9a512cf45a3,AI AF-S Zoom Nikkor ED 80-200mm F2.8D (IF),Nikon,Nikon F,80,200,2.8,22,1500,
135a50a4-5e2a-457e-ab5d-6f86b1ab4b61,AF-S Nikkor 80-400mm f/4.5-5.6G ED VR,Nikon,Nikon F,80,400,4.5,40,1500,
23cbca79-eb01-4a5b-b182-44a6d269580d,AI AF VR Zoom-Nikkor 80-400mm f/4.5-5.6D ED,Nikon,Nikon F,80,400,4.5,32,2300,
9968c184-cb7d-4c96-9cfd-707e408a9aaf,AF-S DX Micro Nikkor 85mm f/3.5G ED VR,Nikon,Nikon F,85,85,3.5,32,286,
5cbe016b-957d-49c4-ba50-04384954c89c,AF-S Nikkor 85mm f/1.4G,Nikon,Nikon F,85,85,1.4,16,850,
d264a347-9ff1-47b1-859a-6e3ab0298776,AF-S Nikkor 85mm f/1.8G,Nikon,Nikon F,85,85,1.8,16,800,
0180049b-6731-474d-b260-f379ad4ba957,AI AF Nikkor 85mm f/1.4D IF,Nikon,Nikon F,85,85,1.4,16,850,
521605e9-5218-4ec3-b8a6-afcf68ec8957,AI AF Nikkor 85mm f/1.8D,Nikon,Nikon F,85,85,1.8,16,850,
be7d9682-3ab8-46de-9a1d-47d258413406,AI Nikkor 85mm F1.4S,Nikon,Nikon F,85,85,1.4,16,850,
d2bdb9c8-9b66-4fd3-a72f-f0ce9f53eaee,PC Micro-Nikkor 85mm f/2.8D,Nikon,Nikon F,85,85,2.8,45,390,
89f09466-944e-4730-bceb-d4215fe75c64,AF-S Nikkor 105mm f/1.4E ED,Nikon,Nikon F,105,105,1.4,16,1000,
fb5fd9bb-052d-41f2-82d5-da533083af70,AF-S VR Micro-Nikkor 105mm f/2.8G IF-ED,Nikon,Nikon F,105,105,2.8,32,314,
d6cebeb3-e088-4194-b277-0f6334c82731,Ai AF DC-Nikkor 105mm f/2D,Nikon,Nikon F,105,105,2,16,900,
c4297869-7d8b-457f-a4ae-df1cc6052bc6,AI AF Micro Nikkor 105mm F2.8D,Nikon,Nikon F,105,105,2.8,32,314,
38726d02-7907-48db-b6fc-d3200f504fdf,AI Micro-Nikkor 105mm f/2.8S,Nikon,Nikon F,105,105,2.8,32,410,
8c070b16-2de9-457d-b5f4-55631d60b60d,AI Nikkor 105mm F1.8S,Nikon,Nikon F,105,105,1.8,22,1000,
ad13af62-fa77-4bb1-87c2-30cc63c88f61,AI Nikkor 105mm F2.5S,Nikon,Nikon F,105,105,2.5,22,1000,
3e99b4f9-6544-436e-b2d1-720c0a9de15d,Ai AF DC-Nikkor 135mm f/2D,Nikon,Nikon F,135,135,2,16,1100,
492b105f-9635-4bfa-b0ba-b90164a9df59,AI Nikkor 135mm F2.8S,Nikon,Nikon F,135,135,2.8,32,1300,
f3d3aec5-e267-4add-a8cf-abc2463afba1,AI Nikkor 135mm F2S,Nikon,Nikon F,135,135,2,22,1300,
71b7a373-2f36-4fd6-b77b-03329b48e80a,Ai AF Nikkor 180mm f/2.8D IF-ED,Nikon,Nikon F,180,180,2.8,22,1500,
2d5390e5-4bf0-42d3-a207-33a089ea4330,AI Nikkor ED 180mm F2.8S,Nikon,Nikon F,180,180,2.8,32,1800,
228963fe-8016-4fe2-81e5-2def4198ed94,AF-S Nikkor 200mm f/2G ED VR II,Nikon,Nikon F,200,200,2,22,1900,
15ca5ad3-d85f-43e0-8f01-e474425692cd,AF-S VR Nikkor 200mm f/2G IF-ED,Nikon,Nikon F,200,200,2,22,1900,
ffc98391-d2f7-4484-bfa0-d1a443990262,Ai AF Micro-Nikkor 200mm f/4D IF-ED,Nikon,Nikon F,200,200,4,32,500,
aea8127b-865b-4522-b796-0df832237fb3,AI Micro Nikkor 200mm F4S (IF),Nikon,Nikon F,200,200,4,32,710,
45995a6a-bd3d-41e1-804e-e2b3895d73fb,AF-S Nikkor 200-400mm f/4G ED VR II,Nikon,Nikon F,200,400,4,32,1950,
998dcd9d-0274-427c-b847-3f8534afad8c,AF-S VR Zoom-Nikkor 200-400mm f/4G IF-ED,Nikon,Nikon F,200,400,4,32,2000,
320e1ab4-54b4-4fa9-906e-09358b050b96,AF-S Nikkor 200-500mm f/5.6E ED VR,Nikon,Nikon F,200,500,5.6,32,2200,
3e9a2a1c-97c2-46ea-aaaf-45f439b902c3,AF-S Nikkor 300mm f/2.8G ED VR II,Nikon,Nikon F,300,300,2.8,22,2200,
c39da290-7a7c-441d-b747-97db1c5e2d7e,AF-S Nikkor 300mm f/4E PF ED VR,Nikon,Nikon F,300,300,4,32,1400,
8c36f1a0-5c72-4d5e-b77e-bd628541684f,AF-S VR Nikkor 300mm f/2.8G IF-ED,Nikon,Nikon F,300,300,2.8,22,2200,
254ca28a-71e1-4f90-94b0-75d3664ab492,Ai AF-S Nikkor 300mm f/4D IF-ED,Nikon,Nikon F,300,300,4,32,1450,
d9a98995-4f0a-4593-93ea-04ff0704d7ca,AI AF-S Nikkor ED 300mm F2.8D (IF),Nikon,Nikon F,300,300,2.8,22,2500,
70fc59bc-0146-42d2-a836-0549fe6806f7,AI AF-S Nikkor ED 300mm F2.8D II (IF),Nikon,Nikon F,300,300,2.8,22,2200,
2b56d108-2618-4ae5-9585-efd41ea224da,AF-S Nikkor 400mm f/2.8E FL ED VR,Nikon,Nikon F,400,400,2.8,22,2600,
8c94f233-73bd-47f0-9301-7506a86f65b0,AF-S Nikkor 400mm f/2.8G ED VR,Nikon,Nikon F,400,400,2.8,22,2800,
1d7d2415-331a-48e4-beb2-7f88737e1fb5,AI AF-S Nikkor ED 400mm F2.8D (lF),Nikon,Nikon F,400,400,2.8,22,3800,
011e01bd-c1bf-4f57-b00c-cf308cbf1e34,AI AF-S Nikkor ED 400mm F2.8D II (IF),Nikon,Nikon F,400,400,2.8,22,3400,
35faa9a2-9d8d-4ebb-8f86-6b98aeb8889d,AI Nikkor ED 400mm F2.8S (IF),Nikon,Nikon F,400,400,2.8,22,4000,
4afd793e-42bc-4bf9-8bfb-a7b3cb9466b1,AI Nikkor ED 400mm F3.5S (IF),Nikon,Nikon F,400,400,3.5,22,4500,
e6b6cc9f-7330-48b6-8f68-520c435f2fe9,AI Nikkor ED 400mm F5.6S (IF),Nikon,Nikon F,400,400,5.6,32,4000,
b7c3c29c-24bc-45f4-8433-ec902e32dfcf,AF-S Nikkor 500mm f/4E FL ED VR,Nikon,Nikon F,500,500,4,22,3600,
f142fbee-4c09-48d7-b9df-e43f6fa6f38a,AF-S Nikkor 500mm f/4G ED VR,Nikon,Nikon F,500,500,4,22,3850,
49b035e3-b818-430d-a2a3-6f1c62f924ed,AI AF-S Nikkor ED 500mm F4D (lF),Nikon,Nikon F,500,500,4,22,5000,
a3a90c44-6861-4b84-a6cd-fc7d8f5c82ef,AI AF-S Nikkor ED 500mm F4D II (IF),Nikon,Nikon F,500,500,4,22,4400,
9bcad507-0668-42c9-b5a9-731c2ddeda34,Reflex Nikkor 500mm F8,Nikon,Nikon F,500,500,8,8,1500,
72efdce6-c77d-48e8-8ad2-6f9cb99afb9b,AF-S Nikkor 600mm f/4E FL ED VR,Nikon,Nikon F,600,600,4,22,4400,
6be22173-a72b-4ecc-a9b8-de27dd0317d1,AF-S Nikkor 600mm f/4G ED VR,Nikon,Nikon F,600,600,4,22,4800,
daaf8e31-7264-428a-a7ae-c370bc4ab9f0,AI AF-S Nikkor ED 600mm F4D II (IF),Nikon,Nikon F,600,600,4,22,5400,
6bf7b192-cae8-4df1-a826-2d54914b8bc3,AI Nikkor ED 600mm F5.6S (IF),Nikon,Nikon F,600,600,5.6,32,5000,
9fe9c8c6-37ee-4d52-b154-9ca4c439b10a,AF-S Nikkor 800mm f/5.6E FL ED VR,Nikon,Nikon F,800,800,5.6,32,5900,
6894eae0-5a7d-418a-802d-88781d9dd70d,AI Nikkor ED 800mm F5.6S (IF),Nikon,Nikon F,800,800,5.6,32,8000,
0ae37bad-afcb-4123-a8ff-47cf3da8b581,Reflex Nikkor 1000mm F11,Nikon,Nikon F,1000,1000,11,11,8000,
b83a9f55-538c-4251-a9ea-5db15faf709b,Nikkor Z 14-30mm f/4 S,Nikon,Nikon Z,14,30,4,22,280,
e9cd1326-154e-4103-8969-3d2a3b2780e8,Nikkor Z DX 16-50mm f/3.5-6.3 VR,Nikon,Nikon Z,16,50,3.5,40,200,
1ffe1989-74b4-41e4-bacc-51324badfefe,Nikkor Z 20mm f/1.8 S,Nikon,Nikon Z,20,20,1.8,16,200,
c09e7bfc-bc3d-41a9-9288-5e91525e67b4,Nikkor Z 24mm f/1.8 S,Nikon,Nikon Z,24,24,1.8,16,250,
5e86cec0-df29-4a76-a634-035e0b52725d,Nikkor Z 24-50mm f/4-6.3,Nikon,Nikon Z,24,50,4,36,350,
232393ce-53de-4ddf-99e4-773a8df0da2e,Nikkor Z 24-70mm f/2.8 S,Nikon,Nikon Z,24,70,2.8,22,380,
512d01ce-d9b3-4bb5-883c-e4f56de5f9db,Nikkor Z 24-70mm f/4 S,Nikon,Nikon Z,24,70,4,22,300,
f37b7490-89bb-4fdb-9240-044cf0c2ca78,Nikkor Z 24-200mm f/4-6.3 VR,Nikon,Nikon Z,24,200,4,36,500,
fd3efd75-4649-40c5-a914-b57399a48bae,Nikkor Z 35mm f/1.8 S,Nikon,Nikon Z,35,35,1.8,16,250,
78691340-cd35-4045-b787-69e5805d268f,Nikkor Z 50mm f/1.8 S,Nikon,Nikon Z,50,50,1.8,16,400,
c163d6a7-cb5b-4724-9280-e217214528ae,Nikkor Z DX 50-250mm f/4.5-6.3 VR,Nikon,Nikon Z,50,250,4.5,32,500,
b7cf8be6-efa9-45bf-9fe5-34f36b25570e,Nikkor Z 58mm f/0.95 S Noct,Nikon,Nikon Z,58,58,0.95,16,500,
a7d22a94-b88f-4ee5-a3c5-f9de76f44c41,Nikkor Z 70-200mm f/2.8 VR S,Nikon,Nikon Z,70,200,2.8,22,500,
0f1148ce-2da9-4b50-a291-2a9483afd88d,Nikkor Z 85mm f/1.8 S,Nikon,Nikon Z,85,85,1.8,16,800,
519cdcda-1332-4060-b4ed-cdab028df330,Zuiko Digital ED 7-14mm F4.0,Olympus,Four Thirds,7,14,4,22,250,
b8be752d-33b5-4f23-97e7-3d7423b8d371,Zuiko Digital ED 8mm F3.5 Fisheye,Olympus,Four Thirds,8,8,3.5,22,135,
eceae28b-29cf-483f-aad4-6b29318d48c1,Zuiko Digital ED 9-18mm F4.0-5.6,Olympus,Four Thirds,9,18,4,22,250,
f0a2356e-82ed-421f-b3ef-26d84d1d66ea,Zuiko Digital 11-22mm F2.8-3.5,Olympus,Four Thirds,11,22,2.8,22,280,
3a479351-c583-4e5f-8805-714401b18b81,Zuiko Digital ED 12-60mm F2.8-4.0 SWD,Olympus,Four Thirds,12,60,2.8,22,250,
2ede760e-360d-4e97-af63-af0dc2ec242e,Zuiko Digital ED 14-35mm F2.0 SWD,Olympus,Four Thirds,14,35,2,22,350,
7d41edcf-b917-4cac-a9c1-f7f2b6867acc,Zuiko Digital ED 14-42mm F3.5-5.6,Olympus,Four Thirds,14,42,3.5,22,250,
4098bd28-c41d-43f8-b11e-60b05edb2fcb,Zuiko Digital 14-54mm F2.8-3.5 II,Olympus,Four Thirds,14,54,2.8,22,220,
d5754679-6948-4ff8-b431-88382a2daf6f,Zuiko Digital ED 18-180mm F3.5-6.3,Olympus,Four Thirds,18,180,3.5,22,450,
db224c1d-1d30-4746-9210-93fc55459cd9,Zuiko Digital 25mm F2.8,Olympus,Four Thirds,25,25,2.8,22,200,
473f4b9e-7dde-4772-bf57-625eabc77b10,Zuiko Digital 35mm F3.5 Macro,Olympus,Four Thirds,35,35,3.5,22,146,
9ed00ad1-15cd-45a9-a513-6bffdbba44a6,Zuiko Digital ED 35-100mm F2.0,Olympus,Four Thirds,35,100,2,22,140,
0c4c52cc-4c99-44fc-8fe6-0a4543edcaa8,Zuiko Digital ED 40-150mm F4.0-5.6,Olympus,Four Thirds,40,150,4,22,900,
58e05887-0b73-4645-b637-32f331ad6db5,Zuiko Digital 50mm F2.0 Macro,Olympus,Four Thirds,50,50,2,22,240,
9af0a448-8eb1-4c99-810a-4d7cdbbe7705,Zuiko Digital ED 50-200mm F2.8-3.5 SWD,Olympus,Four Thirds,50,200,2.8,22,1200,
a67705be-4f60-45ce-b455-7c49d7e53b7f,Zuiko Digital ED 70-300mm F4.0-5.6,Olympus,Four Thirds,70,300,4,22,960,
5b851151-7b23-4966-a081-1e8a1d75e96d,Zuiko Digital ED 90-250mm F2.8,Olympus,Four Thirds,90,250,2.8,22,2500,
e4969408-307f-4ca6-abcc-679666a9006e,Zuiko Digital ED 150mm F2.0,Olympus,Four Thirds,150,150,2,22,1400,
c644b47e-9ada-4f93-bdf2-fc855852237b,Zuiko Digital ED 300mm F2.8,Olympus,Four Thirds,300,300,2.8,22,2400,
0ffbc866-4bdb-4a9f-a88a-6f7dc0a2c55c,M.Zuiko Digital ED 7-14mm F2.8 PRO,Olympus,MFT,7,14,2.8,22,200,
cbf1f455-fae4-4795-a971-946e484ff1d9,M.Zuiko Digital ED 8mm F1.8 Fisheye PRO,Olympus,MFT,8,8,1.8,22,120,
4267a5bb-be8a-427e-9261-b23c7bd65361,BCL-0980 (9mm F8.0 Fisheye),Olympus,MFT,9,9,8,8,200,
646b0e09-6900-49b1-89dd-03807abd830d,M.Zuiko Digital ED 9-18mm F4.0-5.6,Olympus,MFT,9,18,4,22,250,
1f2855c6-df22-4001-8998-2eeab050cc8e,M.Zuiko Digital ED 12mm F2.0,Olympus,MFT,12,12,2,22,200,
ffead32f-67e0-4605-b425-887a29723ff5,M.Zuiko Digital ED 12-40mm F2.8 PRO,Olympus,MFT,12,40,2.8,22,200,
ccffe370-948d-4ff8-ac68-f4b291bcc131,M.Zuiko Digital ED 12-45mm F4.0 PRO,Olympus,MFT,12,45,4,22,120,
fb60226a-2c11-46e6-bdce-95af971abf99,M.Zuiko Digital ED 12-50mm F3.5-6.3 EZ,Olympus,MFT,12,50,3.5,22,200,
e0ddc828-5b16-4eb4-830c-3e276607b402,M.Zuiko Digital ED 12-100mm F4.0 IS PRO,Olympus,MFT,12,100,4,22,150,
ef281128-8a4e-4313-af05-ca83fa6a49b5,M.Zuiko Digital ED 12-200mm F3.5-6.3,Olympus,MFT,12,200,3.5,22,220,
c681a9bd-af13-4e2c-9b09-321d3f26715a,M.Zuiko Digital 14-42mm F3.5-5.6 II,Olympus,MFT,14,42,3.5,22,250,
b12a1bef-d3a7-4265-af02-5cce6ec846e9,M.Zuiko Digital 14-42mm F3.5-5.6 II R,Olympus,MFT,14,42,3.5,22,250,
c3f0727d-6961-4626-ac30-d42f22e11664,M.Zuiko Digital ED 14-42mm F3.5-5.6,Olympus,MFT,14,42,3.5,22,250,
898f5235-80ce-4e06-af41-199e9b5dec44,M.Zuiko Digital ED 14-42mm F3.5-5.6 EZ,Olympus,MFT,14,42,3.5,22,200,
90d50805-2c18-46bf-806f-dc5452a68516,M.Zuiko Digital ED 14-150mm F4.0-5.6,Olympus,MFT,14,150,4,22,500,
cf5d4b2f-7c72-4c4b-84df-32c2cbf840e9,M.Zuiko Digital ED 14-150mm F4.0-5.6 II,Olympus,MFT,14,150,4,22,500,
063b8348-2a8f-4c52-871a-25eb8227d047,BCL-1580 (15mm F8),Olympus,MFT,15,15,8,8,300,
d015978b-c214-460e-adfb-ce419203d8e9,M.Zuiko Digital 17mm F1.8,Olympus,MFT,17,17,1.8,22,250,
8e7064e4-9e2f-43e6-96ba-326fc00768e4,M.Zuiko Digital 17mm F2.8,Olympus,MFT,17,17,2.8,22,200,
7baae150-acd7-411a-a55e-4a5f7c360223,M.Zuiko Digital ED 17mm F1.2 PRO,Olympus,MFT,17,17,1.2,16,200,
71044633-8cb6-4f3c-bd26-a69c1ccc3cc9,M.Zuiko Digital 25mm F1.8,Olympus,MFT,25,25,1.8,22,250,
ab88f4b7-302f-4103-8516-ddea4a8a8b8e,M.Zuiko Digital ED 25mm F1.2 PRO,Olympus,MFT,25,25,1.2,16,300,
eb0c426a-2b24-460a-b70a-09bde104af9e,M.Zuiko Digital ED 30mm F3.5 Macro,Olympus,MFT,30,30,3.5,22,95,
0a9a1094-e9f4-456d-a73e-35e4d1d2f21a,M.Zuiko Digital ED 40-150mm F2.8 PRO,Olympus,MFT,40,150,2.8,22,700,
4a48f385-80ae-47e8-9d33-8d34ce796c2e,M.Zuiko Digital ED 40-150mm F4.0-5.6 R,Olympus,MFT,40,150,4,22,900,
076737e0-c33d-41ae-9981-1990e2b39a11,M.Zuiko Digital 45mm F1.8,Olympus,MFT,45,45,1.8,22,500,
038475a4-c9e1-43d4-92b5-2c4fd13cf507,M.Zuiko Digital ED 45mm F1.2 PRO,Olympus,MFT,45,45,1.2,16,500,
fef1260a-e55c-4638-8319-4162c3a2a242,M.Zuiko Digital ED 60mm F2.8 Macro,Olympus,MFT,60,60,2.8,22,190,
c57f91b8-f595-4634-88ad-0d43b941b969,M.Zuiko Digital ED 75mm F1.8,Olympus,MFT,75,75,1.8,22,840,
540a5ad8-099b-4bd7-be03-a28a769f4ff3,M.Zuiko Digital ED 75-300mm F4.8-6.7,Olympus,MFT,75,300,4.8,22,900,
c96a0f97-3b88-4479-8afd-92c2c6c54315,M.Zuiko Digital ED 75-300mm F4.8-6.7 II,Olympus,MFT,75,300,4.8,22,900,
75b6ce0b-5d35-4516-82e3-e2f5edf6e250,M.Zuiko Digital ED 100-400mm F5.0-6.3 IS,Olympus,MFT,100,400,5,22,1300,
b7cc9520-0c9e-4363-86b9-0acec2bc20d4,M.Zuiko Digital ED 300mm F4.0 IS PRO,Olympus,MFT,300,300,4,22,1400,
2959e435-4f3a-40bd-a017-d0d3e41ec10a,Leica D Vario-Elmar 14-50mm / F3.8-5.6 Asph. / Mega O.I.S.,Panasonic,Four Thirds,14,50,3.8,22,290,L-RS014050
72e9816e-ebba-44d5-a9f5-a1e82f81cbc6,Leica D Vario-Elmarit 14-50mm / F2.8-3.5 Asph. / Mega O.I.S.,Panasonic,Four Thirds,14,50,2.8,22,290,L-ES014050
cbfc6f51-3475-4453-a2d1-74f57d80869c,Leica D Vario-Elmar 14-150mm / F3.5-5.6 Asph. / Mega O.I.S.,Panasonic,Four Thirds,14,150,3.5,22,500,L-RS014150
ab15e9ea-ad15-44be-a90d-5f7b5a74c98a,Leica D Summilux 25mm / F1.4 Asph.,Panasonic,Four Thirds,25,25,1.4,16,380,L-X025
b4b39b32-f6c0-4585-ad36-710f8a720cb1,Lumix S Pro 24-70mm F2.8,Panasonic,Leica L,24,70,2.8,22,370,S-E2470
8c7ed2f5-eeef-4ef2-a7de-f1e32737bee6,Lumix S 24-105mm F4 Macro O.I.S.,Panasonic,Leica L,24,105,4,22,300,S-R24105
221123bb-55df-4516-b978-b29ed3dd1876,Lumix S Pro 50mm F1.4,Panasonic,Leica L,50,50,1.4,16,440,S-X50
86c63557-e6e2-4680-aad2-b7fef903d40e,Lumix S Pro 70-200mm F4 O.I.S.,Panasonic,Leica L,70,200,4,22,920,S-R70200
39665b65-6012-4dba-9d1d-9d4380f2a9ff,Lumix G Vario 7-14mm / F4.0 Asph.,Panasonic,MFT,7,14,4,22,250,H-F007014
737be2c8-b91e-4858-8ffb-0d3b0035c5ab,Lumix G Fisheye 8mm / F3.5,Panasonic,MFT,8,8,3.5,22,100,H-F008
8afdc115-a6ea-4d03-bfbb-fa9890c27a0d,Leica DG Vario-Summilux 10-25mm / F1.7 Asph.,Panasonic,MFT,10,25,1.7,16,280,H-X1025
9b527d60-2ea5-4d31-bba9-e1592339f2a0,Leica DG Summilux 12mm / F1.4 Asph.,Panasonic,MFT,12,12,1.4,16,200,H-X012
9b868862-0972-48d3-afa9-82b180a7652d,Lumix G Vario 12-32mm / F3.5-5.6 Asph. / Mega O.I.S.,Panasonic,MFT,12,32,3.5,22,200,H-FS12032
e968595d-3dda-4331-9e44-dfc38409ff9b,Lumix G X Vario 12-35mm / F2.8 Asph. / Power O.I.S.,Panasonic,MFT,12,35,2.8,22,250,H-HS12035
15e7fcdb-42f1-4ef8-b870-75abcb317276,Lumix G X Vario 12-35mm / F2.8 II Asph. / Power O.I.S.,Panasonic,MFT,12,35,2.8,22,250,H-HSA12035
b627763d-eb34-4c27-bf9b-8c2de4ee8515,Leica DG Vario-Elmarit 12-60mm / F2.8-4.0 Asph. / Power O.I.S.,Panasonic,MFT,12,60,2.8,22,200,H-ES12060
f2c23ea3-4cd3-4c74-b74a-9cc8f2bf4b4b,Lumix G Vario 12-60mm / F3.5-5.6 Asph. / Power O.I.S.,Panasonic,MFT,12,60,3.5,22,200,H-FS12060
78f533c6-049f-40a4-b488-107c175a092f,Lumix G 14mm / F2.5 Asph.,Panasonic,MFT,14,14,2.5,22,180,
a2e50af8-f706-4d9f-9699-630475e79d4e,Lumix G 14mm / F2.5 II Asph.,Panasonic,MFT,14,14,2.5,22,180,H-H014A
fed18022-3f04-43a6-8908-ed4facead129,Lumix G Vario 14-42mm / F3.5-5.6 II Asph. / Mega O.I.S.,Panasonic,MFT,14,42,3.5,22,200,H-FS1442A
4f05fba5-532f-4715-9327-c1d4e644255b,Lumix G X Vario PZ 14-42mm / F3.5-5.6 Asph. / Power O.I.S.,Panasonic,MFT,14,42,3.5,22,200,H-PS14042
d610003d-172c-4484-bc10-352634e27ba5,Lumix G Vario 14-45mm / F3.5-5.6 Asph. / Mega O.I.S.,Panasonic,MFT,14,45,3.5,25,300,H-FS014045
7f45230e-2bf7-4eeb-b212-6f732a7fcb1c,Lumix G Vario 14-140mm / F3.5-5.6 Asph. / Power O.I.S.,Panasonic,MFT,14,140,3.5,22,300,H-FS14140
b63093ca-bcc0-4c6d-9007-9584233bbd40,Leica DG Summilux 15mm / F1.7 Asph.,Panasonic,MFT,15,15,1.7,16,200,H-X015
d1ecb7fa-5820-4e6b-8e53-4b7d3a15b6c1,Lumix G 20mm / F1.7 Asph.,Panasonic,MFT,20,20,1.7,16,200,
88b95645-95b8-4fbe-b735-dea16d1b7e54,Lumix G 20mm / F1.7 II Asph.,Panasonic,MFT,20,20,1.7,16,200,H-H020A
23416dbf-063b-49ed-8a4c-f6481a1f08da,Leica DG Summilux 25mm / F1.4 Asph.,Panasonic,MFT,25,25,1.4,16,300,H-X025
6d6526a5-b075-4e0e-a23c-efb672b8f1ed,Leica DG Summilux 25mm / F1.4 II Asph.,Panasonic,MFT,25,25,1.4,16,300,H-XA025
d3e4c47b-d0f3-4817-9e51-73a591ae1f92,Lumix G 25mm / F1.7 Asph.,Panasonic,MFT,25,25,1.7,22,250,H-H025
48b5fa04-aa86-489b-b81d-9597ff2eff34,Lumix G Macro 30mm / F2.8 Asph. / Mega O.I.S.,Panasonic,MFT,30,30,2.8,22,105,H-HS030
2288e1d7-b3d1-4491-becd-6807022938f6,Lumix G Vario 35-100mm / F4.0-5.6 Asph. / Mega O.I.S.,Panasonic,MFT,35,100,4,22,900,H-FS35100
727238c9-1e6c-4083-92fe-3507a47b6ac7,Lumix G X Vario 35-100mm / F2.8 / Power O.I.S.,Panasonic,MFT,35,100,2.8,22,850,H-HS35100
11465fd7-e737-4d81-8e9e-ee33ff7a17d9,Lumix G X Vario 35-100mm / F2.8 II / Power O.I.S.,Panasonic,MFT,35,100,2.8,22,850,H-HSA35100
a50f69c4-6a0a-4c58-8037-8742c1dea70e,Leica DG Nocticron 42.5mm / F1.2 Asph. / Power O.I.S.,Panasonic,MFT,42.5,42.5,1.2,16,500,H-NS043
12c2bb6a-91f9-46b6-b6b3-038936008ed4,Lumix G 42.5mm / F1.7 Asph. / Power O.I.S.,Panasonic,MFT,42.5,42.5,1.7,22,310,H-HS043
435408e2-cec5-4f70-bd3f-3f6248546747,Leica DG Macro-Elmarit 45mm / F2.8 Asph. / Mega O.I.S.,Panasonic,MFT,45,45,2.8,22,150,H-ES045
ba1c3f64-58e9-48ff-90e4-2db1dd6c283a,Lumix G Vario 45-150mm / F4.0-5.6 Asph. / Mega O.I.S.,Panasonic,MFT,45,150,4,22,900,H-FS45150
7723604e-896d-4299-ad5d-3355b939dd64,Lumix G X Vario PZ 45-175mm / F4.0-5.6 Asph. / Power O.I.S.,Panasonic,MFT,45,175,4,22,900,H-PS45175
5dc97acb-8450-4f7d-955e-0db7b5b83665,Lumix G Vario 45-200mm / F4.0-5.6 / Mega O.I.S.,Panasonic,MFT,45,200,4,22,1000,H-FS045200
6dbd0354-098f-4ab3-951e-a767cef694de,Lumix G Vario 45-200mm / F4.0-5.6 II / Power O.I.S.,Panasonic,MFT,45,200,4,22,1000,H-FSA45200
4619c066-e1de-49e3-89c7-828380cb2171,Leica DG Vario-Elmarit 50-200mm / F2.8-4.0 Asph. / Power O.I.S.,Panasonic,MFT,50,200,2.8,22,750,H-ES50200
a760783f-7701-4cff-9496-e7a909da66b0,Lumix G Vario 100-300mm / F4.0-5.6 / Mega O.I.S.,Panasonic,MFT,100,300,4,22,1500,H-FS100300
c3be122e-3b7f-4585-96eb-8d6302272f25,Lumix G Vario 100-300mm / F4.0-5.6 II / Power O.I.S.,Panasonic,MFT,100,300,4,22,1500,H-FSA100300
2a43d958-1e1a-4bb2-9c0b-d15d8b2ad9a3,Leica DG Vario-Elmar 100-400mm / F4.0-6.3 Asph. / Power O.I.S.,Panasonic,MFT,100,400,4,22,1300,H-RS100400
700ddde2-36f9-4e7c-b9c1-08d4a034bee3,Leica DG Elmarit 200mm / F2.8 / Power O.I.S.,Panasonic,MFT,200,200,2.8,22,1150,H-ES200
7e2d672a-729f-4d35-bb48-4386b889431f,HD Pentax-DA645 28-45mm F4.5 ED AW SR,Pentax,Pentax 645,28,45,4.5,32,400,
a9bc367b-f656-45fe-9c46-12af8f4211f0,smc Pentax-FA645 33-55mm F4.5 AL,Pentax,Pentax 645,33,55,4.5,32,400,
3025e96e-80c8-49e1-9f98-b50f5eaa3e69,HD Pentax-D FA645 35mm F3.5 AL [IF],Pentax,Pentax 645,35,35,3.5,32,300,
de125344-3d52-4be3-b0a2-6911e9a1c487,smc Pentax-FA645 45-85mm F4.5,Pentax,Pentax 645,45,85,4.5,32,500,
b21c0faa-7984-4838-a83e-4be62e94feb4,smc Pentax-FA645 55-110mm F5.6,Pentax,Pentax 645,55,110,5.6,45,800,
dc65df43-6384-4af1-8a35-941d05e3bef5,smc Pentax-FA645 80-160mm F4.5,Pentax,Pentax 645,80,160,4.5,32,1000,
4aa8c535-89b9-42ab-80e4-5e4cacd8a66c,smc Pentax-FA645 150-300mm F5.6 ED [IF],Pentax,Pentax 645,150,300,5.6,45,2000,
5ae840b9-da49-4988-b6e4-3e6ef9767869,smc Pentax-DA FISH-EYE10-17mm F3.5-4.5 ED [IF],Pentax,Pentax K,10,17,3.5,32,140,
36b9005e-2d9c-4bb8-bf03-918f6939c43b,smc Pentax-DA 12-24mm F4 ED AL [IF],Pentax,Pentax K,12,24,4,22,300,
8069a321-1b16-400c-b759-7684f9663831,SMC Pentax-DA 14mm F2.8 ED (IF),Pentax,Pentax K,14,14,2.8,22,170,
d6c67949-711f-41a1-9136-6d2d9016f52d,HD Pentax-DA 15mm F4 ED AL Limited,Pentax,Pentax K,15,15,4,22,180,
99b38ec4-1b62-4060-bb23-059a62a5d1b0,HD Pentax-D FA 15-30mm F2.8 ED SDM WR,Pentax,Pentax K,15,30,2.8,22,280,
f89028ed-03a6-409d-afc7-7220571ce5b4,smc Pentax-DA* 16-50mm F2.8 ED AL [IF] SDM,Pentax,Pentax K,16,50,2.8,22,300,
c81ad4f8-4d3a-49ad-9d41-49b33d5c05d7,HD Pentax-DA 16-85mm F3.5-5.6 ED DC WR,Pentax,Pentax K,16,85,3.5,38,350,
fcf2bd54-f7bb-4e3d-80fc-1e3895ba8220,smc Pentax-DA 17-70mm F4 AL [IF] SDM,Pentax,Pentax K,17,70,4,22,280,
1a71f44b-366d-4903-8ea6-8f39031f2223,HD Pentax-DA 18-50mm F4-5.6 DC WR RE,Pentax,Pentax K,18,50,4,32,300,
39423cdd-b5be-4de1-b0ae-ed7b13af8c04,smc Pentax-DA 18-55mm F3.5-5.6 AL WR,Pentax,Pentax K,18,55,3.5,38,250,
cce89c0c-785a-4412-91f9-3263db83a02c,smc Pentax-DA 18-135mm F3.5-5.6 ED AL [IF] DC WR,Pentax,Pentax K,18,135,3.5,38,400,
a0fbbb67-2678-4f8d-b449-e5602c91cb7c,smc Pentax-DA 18-270mm F3.5-6.3 ED SDM,Pentax,Pentax K,18,270,3.5,45,490,
53d1f6fb-fba8-4ebb-a602-9c62fd24b680,HD Pentax-DA 20-40mm F2.8-4 ED Limited DC WR,Pentax,Pentax K,20,40,2.8,32,280,
835fcec5-f671-4e8c-a9c2-3c6f81fc627d,HD Pentax-DA 21mm F3.2 AL Limited,Pentax,Pentax K,21,21,3.2,22,200,
bd8f5694-64d2-4fd9-b399-eafc1ae71fda,HD Pentax-D FA 24-70mm F2.8 ED SDM WR,Pentax,Pentax K,24,70,2.8,22,380,
020c6604-1c4d-4fb4-b7f7-1f075d86fd17,HD Pentax-D FA 28-105mm F3.5-5.6 ED DC WR,Pentax,Pentax K,28,105,3.5,38,500,
6253435e-7a85-43f9-93ef-a3b840399f46,SMC Pentax-FA 31mm F1.8 AL Limited,Pentax,Pentax K,31,31,1.8,22,300,
a0d11640-0382-4477-ab1a-7da2c5bfd020,HD Pentax-DA 35mm F2.8 Macro Limited,Pentax,Pentax K,35,35,2.8,22,139,
60777d7b-83e3-46c3-afa1-78a9fbc5b3a4,SMC Pentax-DA 35mm F2.4 AL,Pentax,Pentax K,35,35,2.4,22,300,
a1156a94-3f6b-4bab-b710-0da1ac8c97ee,SMC Pentax-FA 35mm F2 AL,Pentax,Pentax K,35,35,2,22,300,
db247331-abd0-48bd-9c7f-162300aec09c,HD Pentax-DA 40mm F2.8 Limited,Pentax,Pentax K,40,40,2.8,22,400,
4ed0e80c-bc7c-42b0-8a24-c034039a31d4,SMC Pentax-DA 40mm F2.8 XS,Pentax,Pentax K,40,40,2.8,22,400,
23746ff6-69da-464d-b88b-9ff68f313f49,SMC Pentax-FA 43mm F1.9 Limited,Pentax,Pentax K,43,43,1.9,22,450,
4dc939b6-a134-4f35-8bd5-5456fe0b35aa,HD Pentax-D FA* 50mm F1.4 SDM AW,Pentax,Pentax K,50,50,1.4,16,400,
67bc21f7-e776-4a55-95ef-fec7bb7fe74a,SMC Pentax-D FA Macro 50mm F2.8,Pentax,Pentax K,50,50,2.8,32,195,
5e200a0a-7078-48a1-a3a1-40ff6f4c830a,SMC Pentax-DA 50mm F1.8,Pentax,Pentax K,50,50,1.8,22,450,
1dd9fc85-713a-44b1-92bc-b327130619c2,SMC Pentax-FA 50mm F1.4,Pentax,Pentax K,50,50,1.4,22,450,
b36e6566-3737-4775-b49d-0f2a9a0deb88,smc Pentax-DA* 50-135mm F2.8 ED [IF] SDM,Pentax,Pentax K,50,135,2.8,22,1000,
a965fe2b-e36c-4d9a-a246-ead7a91998d2,smc Pentax-DA 50-200mm F4-5.6 ED WR,Pentax,Pentax K,50,200,4,32,240,
981b26c9-cea2-410f-b245-c030cba2d2ea,SMC Pentax-DA* 55mm F1.4 SDM,Pentax,Pentax K,55,55,1.4,22,450,
fe287d00-f2a7-4d54-ac72-d0e468953921,HD Pentax-DA 55-300mm F4-5.8 ED WR,Pentax,Pentax K,55,300,4,32,1400,
19fe24cf-e05b-4241-962c-60242a272c7d,HD Pentax-DA 55-300mm F4.5-6.3 ED PLM WR RE,Pentax,Pentax K,55,300,4.5,32,950,
b61fdd9a-6028-4cb9-940e-95c359f236e2,smc Pentax-DA* 60-250mm F4 ED [IF] SDM,Pentax,Pentax K,60,250,4,32,1100,
e9a8a14e-79b9-4368-b5c0-3ec2b550db06,HD Pentax-DA 70mm F2.4 Limited,Pentax,Pentax K,70,70,2.4,22,700,
51af2d04-3da9-4014-9994-731cc8cb3832,HD Pentax-D FA* 70-200mm F2.8 ED DC AW,Pentax,Pentax K,70,200,2.8,22,1200,
356ec7c0-463d-4d67-8ff3-47ba7b98432e,SMC Pentax-FA 77mm F1.8 Limited,Pentax,Pentax K,77,77,1.8,22,700,
d0cfa898-eb18-4b06-bdf6-cce2ca1a6b62,SMC Pentax-D FA Macro 100mm F2.8 WR,Pentax,Pentax K,100,100,2.8,32,303,
f13839d2-23b1-42b6-a870-3f3126a21649,HD Pentax-D FA 150-450mm F4.5-5.6 ED DC AW,Pentax,Pentax K,150,450,4.5,27,2000,
c8d73207-e14e-4d10-aad4-e7941daba086,SMC Pentax-DA* 200mm F2.8 ED [IF] SDM,Pentax,Pentax K,200,200,2.8,22,1200,
080ca47e-023a-4fcd-8e0c-8938e9f51242,SMC Pentax-DA* 300mm F4 ED [IF] SDM,Pentax,Pentax K,300,300,4,32,1400,
0e22cf3a-38e8-459c-a1c5-7d0aa94da869,HD Pentax-DA 560mm F5.6 ED AW,Pentax,Pentax K,560,560,5.6,45,5600,
e8dbdb98-9652-4165-b105-aaf6a9b74299,8mm F3.5 UMC Fish-Eye CS II,Samyang,"A, E, EF, EF-M, F, FT, K, MFT, NX, X",8,8,3.5,22,300,
7c52cb45-4971-4355-b838-f371b80f6577,10mm F2.8 ED AS NCS CS,Samyang,"A, E, EF, EF-M, F, FT, K, MFT, NX, X",10,10,2.8,22,240,
2ee3c42e-6a51-45e5-a5b7-861ec25279c9,12mm F2.8 ED AS NCS Fish-Eye,Samyang,"A, E, EF, EF-M, F, FT, K, MFT, NX, X",12,12,2.8,22,200,
44ef0b4e-a6ac-4fb7-89b3-f8948ab6bcd5,14mm F2.8 ED AS IF UMC,Samyang,"A, E, EF, EF-M, F, FT, K, MFT, NX, X",14,14,2.8,22,280,
5dd37c86-1f80-444e-957e-e7f44603a720,16mm F2.0 ED AS UMC CS,Samyang,"A, E, EF, EF-M, F, FT, K, MFT, NX, X",16,16,2,22,200,
29d8d201-8ded-4f31-93e3-34532176d6a7,20mm F1.8 ED AS UMC,Samyang,"A, E, EF, EF-M, F, FT, K, MFT, NX, X",20,20,1.8,22,200,
4e5a9b09-0cd4-49d8-ab65-64c085cd3f59,24mm F1.4 ED AS IF UMC,Samyang,"A, E, EF, EF-M, F, FT, K, MFT, NX, X",24,24,1.4,22,250,
2b2a6d9a-c322-49c4-b2c7-31ab269dece6,35mm F1.4 AS UMC,Samyang,"A, E, EF, EF-M, F, FT, K, MFT, NX, X",35,35,1.4,22,330,
1151cf35-5af4-4715-8153-009d98f6cd38,50mm F1.4 AS UMC,Samyang,"A, E, EF, EF-M, F, FT, K, MFT, NX, X",50,50,1.4,22,450,
0c22926c-4943-41f3-a77e-a62c502bf404,85mm F1.4 AS IF UMC,Samyang,"A, E, EF, EF-M, F, FT, K, MFT, NX, X",85,85,1.4,22,1000,
5a15981d-d2f3-4637-99f1-5512ff3aab6d,100mm F2.8 ED UMC Macro,Samyang,"A, E, EF, EF-M, F, FT, K, MFT, NX, X",100,100,2.8,32,307,
4dc1728b-8b63-4e0e-a947-090c53c09fcd,135mm F2.0 ED UMC,Samyang,"A, E, EF, EF-M, F, FT, K, MFT, NX, X",135,135,2,22,800,
c32332c4-04f3-44e9-a3f3-c01b6291fc7a,AF 14mm F2.8 FE,Samyang,E,14,14,2.8,22,200,
17a10be6-41d5-4b04-a2e4-ae4e1fdd71b4,AF 24mm F2.8 FE,Samyang,E,24,24,2.8,22,240,
f07ac1b7-8ab3-490e-9a8c-19c50d512412,AF 35mm F1.4 FE,Samyang,E,35,35,1.4,16,300,
c54a63d0-ad5b-46a5-9440-5ded9ececbfe,AF 35mm F2.8 FE,Samyang,E,35,35,2.8,22,350,
d6ee7409-fb24-46c2-aad7-e3c4648d6e4c,AF 50mm F1.4 FE,Samyang,E,50,50,1.4,16,450,
7589afa3-bcc3-4410-a32d-51d7fc764ed6,21mm F1.4 ED AS UMC CS,Samyang,"E, EF, MFT, X",21,21,1.4,22,280,
fe2f76d5-aead-473a-93f1-4f46ff1228a0,12mm F2.0 NCS CS,Samyang,"E, EF-M, MFT, NX, X",12,12,2,22,200,
f74318cc-ad1a-4b70-806c-b7eccd408fc2,50mm F1.2 AS UMC CS,Samyang,"E, EF-M, MFT, X",50,50,1.2,16,500,
0d4a6f19-6228-4373-a350-527bee48362f,300mm F6.3 ED UMC CS,Samyang,"E, EF-M, MFT, X",300,300,6.3,6.3,900,Reflex
49ea4125-3a34-4dd8-af88-f9ed8d1f9b75,8mm F2.8 UMC Fish-Eye II,Samyang,"E, EF-M, NX, X",8,8,2.8,22,300,
36399abb-10dc-48a1-bb19-42175605d6dc,35mm F1.2 ED AS UMC CS,Samyang,"E, EF-M, X",35,35,1.2,16,380,
db893e99-5537-4924-9f12-ae071bc7bd0c,XP 10mm F3.5,Samyang,EF,10,10,3.5,22,260,
0854a259-002b-4571-ac35-16ee08d9b1b9,AF 14mm F2.8 EF,Samyang,EF,14,14,2.8,22,200,
17403b72-1f7a-4164-931d-28dbb4774f59,XP 35mm F1.2,Samyang,EF,35,35,1.2,16,340,
62fcde3d-994f-4600-810a-54dc59f5992b,AF 85mm F1.4 EF,Samyang,EF,85,85,1.4,16,900,
1eb304d7-1030-4b40-be27-a0c0e28a16df,XP 85mm F1.2,Samyang,EF,85,85,1.2,16,800,Premium MF
c998d9e0-5fa1-4b36-9d16-f62170adb9e8,XP 14mm F2.4,Samyang,"EF, F",14,14,2.4,22,280,Premium MF
4e90efe2-dcd7-4fdb-943c-8bd30c54ae40,7.5mm F3.5 Fish-Eye,Samyang,MFT,7.5,7.5,3.5,22,90,
84350530-060f-4182-b2ad-308b5e541de2,35mm F1.4 DG HSM,Sigma,"Canon EF, Leica L, Nikon F, Pentax, Sigma, Sony A, Sony E",35,35,1.4,16,300,art
4629850e-c68c-41c6-bf57-bb0f0280c9cc,50mm F1.4 DG HSM,Sigma,"Canon EF, Leica L, Nikon F, Sigma, Sony A, Sony E",50,50,1.4,16,400,art
d7c77914-0cda-4b67-9bb7-cd4c5445ccb1,14mm F1.8 DG HSM,Sigma,"Canon EF, Leica L, Nikon F, Sigma, Sony E",14,14,1.8,16,270,art
0261fa49-f7db-4fd9-8b40-e36a6c2cda71,20mm F1.4 DG HSM,Sigma,"Canon EF, Leica L, Nikon F, Sigma, Sony E",20,20,1.4,16,276,art
cc3ed9bb-2529-4147-9919-9d5e0a4f23af,24mm F1.4 DG HSM,Sigma,"Canon EF, Leica L, Nikon F, Sigma, Sony E",24,24,1.4,16,250,art
1a90b508-4bff-4f30-8ede-640352f1c0c0,28mm F1.4 DG HSM,Sigma,"Canon EF, Leica L, Nikon F, Sigma, Sony E",28,28,1.4,16,280,art
f2a33659-fefa-4e56-b51f-016969cb7747,40mm F1.4 DG HSM,Sigma,"Canon EF, Leica L, Nikon F, Sigma, Sony E",40,40,1.4,16,400,art
e0caa148-2c3b-4a00-9265-9d6a7d18798c,85mm F1.4 DG HSM,Sigma,"Canon EF, Leica L, Nikon F, Sigma, Sony E",85,85,1.4,16,850,art
5ced9dc5-d58f-4ebb-a723-bcf1c2c1624c,135mm F1.8 DG HSM,Sigma,"Canon EF, Leica L, Nikon F, Sigma, Sony E",135,135,1.8,16,875,art
d536fabd-6810-491f-80f0-3dd231ff220b,15mm F2.8 EX DG Diagonal Fisheye,Sigma,"Canon, Nikon, Pentax, Sigma",15,15,2.8,22,150,
0cd0d8c9-667a-4b89-aafe-f9f97791dc53,4.5mm F2.8 EX DC Circular Fisheye HSM,Sigma,"Canon, Nikon, Pentax, Sigma, Sony",4.5,4.5,2.8,22,135,
18540895-c6b8-4b04-a37a-688f364fe875,8-16mm F4.5-5.6 DC HSM,Sigma,"Canon, Nikon, Pentax, Sigma, Sony",8,16,4.5,22,240,
51156e43-5984-495b-97d4-c5bb9d7ca54a,10-20mm F3.5 EX DC HSM,Sigma,"Canon, Nikon, Pentax, Sigma, Sony",10,20,3.5,22,240,
419ee3d8-99aa-4524-93a7-687470c4bd75,10mm F2.8 EX DC Fisheye HSM,Sigma,"Canon, Nikon, Pentax, Sigma, Sony",10,20,2.8,22,135,
dd8d49ad-8030-49e8-8468-afa813ce2523,18-35mm F1.8 DC HSM,Sigma,"Canon, Nikon, Pentax, Sigma, Sony",18,35,1.8,16,280,art
fa2533f9-ef6a-4798-941c-5a1478cfc85b,24-70mm F2.8 IF EX DG HSM,Sigma,"Canon, Nikon, Pentax, Sigma, Sony",24,70,2.8,22,380,
2d281574-541e-49a9-92ca-1a0dc79f82b0,30mm F1.4 DC HSM,Sigma,"Canon, Nikon, Pentax, Sigma, Sony",30,30,1.4,16,300,
d292d452-c8f3-4fba-8bea-80cd5ab80638,50mm F1.4 EX DG HSM,Sigma,"Canon, Nikon, Pentax, Sigma, Sony",50,50,1.4,16,450,
63a372d2-e109-46e6-b135-58ff8767a897,APO 50-500mm F4.5-6.3 DG OS HSM,Sigma,"Canon, Nikon, Pentax, Sigma, Sony",50,500,4.5,22,500,
9bf652fb-89a8-4182-8f9b-827aa4b1e84c,APO 70-200mm F2.8 EX DG OS HSM,Sigma,"Canon, Nikon, Pentax, Sigma, Sony",70,200,2.8,22,1400,
9180b2a7-e92c-49fe-9ca6-b04adc36a843,70-300mm F4-5.6 DG Macro,Sigma,"Canon, Nikon, Pentax, Sigma, Sony",70,300,4,22,950,
b8be5f7a-b544-4e65-a8c3-237745effb64,APO 70-300mm F4-5.6 DG Macro,Sigma,"Canon, Nikon, Pentax, Sigma, Sony",70,300,4,22,950,
5f81072f-3331-4a81-b9da-56fba1bd3580,85mm F1.4 EX DG HSM,Sigma,"Canon, Nikon, Pentax, Sigma, Sony",85,85,1.4,16,850,
2f2df254-a0cd-464d-949f-6afda8aa226b,APO 150-500mm F5-6.3 DG OS HSM,Sigma,"Canon, Nikon, Pentax, Sigma, Sony",150,500,5,22,2200,
fb1780e4-1fba-4bc0-9d07-83d507fea221,APO 300mm F2.8 EX DG HSM,Sigma,"Canon, Nikon, Pentax, Sigma, Sony",300,300,2.8,32,2500,
f26ae991-ca8f-4d20-8e50-b9c2ee54ef61,APO 500mm F4.5 EX DG HSM,Sigma,"Canon, Nikon, Pentax, Sigma, Sony",500,500,4.5,32,4000,
b3cd5856-9254-4b8d-8ab1-1f98e0c568ba,8mm F3.5 EX DG Circular Fisheye,Sigma,"Canon, Nikon, Sigma",8,8,3.5,22,135,
4a8fe137-c6ad-4ff6-9e31-2f874faec0f2,10-20mm F4-5.6 EX DC HSM,Sigma,"Canon, Nikon, Sigma",10,20,4,22,240,
5c1c5f73-5ddb-4d38-b113-b14e5ff65b7d,12-24mm F4 DG HSM,Sigma,"Canon, Nikon, Sigma",12,24,4,22,240,art
8ec9f47b-5533-4b6f-8185-573050e35a06,14-24mm F2.8 DG HSM,Sigma,"Canon, Nikon, Sigma",14,24,2.8,22,260,art
46a03761-1a48-4817-94f7-abc85d228af0,17-50mm F2.8 EX DC OS HSM,Sigma,"Canon, Nikon, Sigma",17,50,2.8,22,280,
e9960f52-4fe4-40c4-9867-7c8647221ecd,17-70mm F2.8-4 DC MACRO OS HSM,Sigma,"Canon, Nikon, Sigma",17,70,2.8,22,220,contemporary
ec392081-e3ea-4797-97e4-348eb1eb7ddc,18-200mm F3.5-6.3 DC Macro OS HSM,Sigma,"Canon, Nikon, Sigma",18,200,3.5,22,390,contemporary
87d20ad8-d270-4547-81cb-91da1492d0dd,18-250mm F3.5-6.3 DC Macro OS HSM,Sigma,"Canon, Nikon, Sigma",18,250,3.5,22,350,
9484349c-42f8-4c1e-aea1-1cd7963ffaf4,18-300mm F3.5-6.3 DC Macro OS HSM,Sigma,"Canon, Nikon, Sigma",18,300,3.5,22,390,contemporary
30f709a2-72f2-49e5-b9d9-f89c88821a3f,24-35mm F2 DG HSM,Sigma,"Canon, Nikon, Sigma",24,35,2,16,280,art
e5aeb45d-5e90-4187-96d6-83ac6cbaa585,24-70mm F2.8 DG OS HSM,Sigma,"Canon, Nikon, Sigma",24,70,2.8,22,370,art
e4fac2cc-1b56-4b66-8aa5-4e4279c342ff,24-105mm F4 DG OS HSM,Sigma,"Canon, Nikon, Sigma",24,105,4,22,450,art
95827490-02a0-4342-b7b7-97c1c899e4d0,50-100mm F1.8 DC HSM,Sigma,"Canon, Nikon, Sigma",50,100,1.8,16,950,art
da8f0b25-9baa-4c7e-a133-5399999cf09b,70-200mm F2.8 DG OS HSM | Sports,Sigma,"Canon, Nikon, Sigma",70,200,2.8,22,1200,sports
4d315137-08ec-4299-a2c5-2f605203adc8,Macro 105mm F2.8 EX DG OS HSM,Sigma,"Canon, Nikon, Sigma",105,105,2.8,22,312,
3201a87f-c507-4334-af15-e69bcc5188ec,120-300mm F2.8 DG OS HSM,Sigma,"Canon, Nikon, Sigma",120,300,2.8,22,1500,sports
19358e5e-1f7d-42a8-8aef-7054af5081e5,150-600mm F5-6.3 DG OS HSM | Contemporary,Sigma,"Canon, Nikon, Sigma",150,600,5,22,2800,contemporary
db5ff995-765e-4b52-83e6-162a136f922a,150-600mm F5-6.3 DG OS HSM | Sports,Sigma,"Canon, Nikon, Sigma",150,600,5,22,2600,sports
022bebfc-063a-4969-aadb-eec9a8865c7f,APO 200-500mm F2.8 / 400-1000mm F5.6 EX DG,Sigma,"Canon, Nikon, Sigma",200,500,2.8,22,2000,
5ca5275a-7af7-4917-aa50-1d89b42b6be4,APO 300-800mm F5.6 EX DG HSM,Sigma,"Canon, Nikon, Sigma",300,800,5.6,32,6000,
5a08ba70-b394-442b-b8c1-528ef599ed60,500mm F4 DG OS HSM,Sigma,"Canon, Nikon, Sigma",500,500,4,32,3500,sports
bc9316e4-4677-400e-a780-721aa87d6eee,APO 800mm F5.6 EX DG HSM,Sigma,"Canon, Nikon, Sigma",800,800,5.6,32,7000,
56e47781-10ee-47d0-b2d1-08e7aa30324e,12-24mm F4.5-5.6 II DG HSM,Sigma,"Canon, Nikon, Sigma, Sony",12,24,4.5,22,280,
c79dd474-d874-4024-bbf5-dbf94198fcb0,105mm F1.4 DG HSM,Sigma,"Canon, Nikon, Sigma, Sony E",105,105,1.4,16,1000,bokeh master art
10c98b55-2876-4fd2-8f40-d49aef18e2cb,70mm F2.8 DG Macro,Sigma,"Canon, Sigma, Sony E",70,70,2.8,22,258,
fa315713-c983-4fd7-a527-0cb59cca10e4,14-24mm F2.8 DG DN,Sigma,"L-mount, Sony E",14,24,2.8,22,280,
fe1a0762-b3b1-474c-bbbd-b5cf1622f735,16mm F1.4 DC DN,Sigma,"MFT, Sony E",16,16,1.4,16,250,contemporary
a77fef85-b8ca-4efb-9923-2235fea73239,19mm F2.8 DN,Sigma,"MFT, Sony E",19,19,2.8,22,200,
f517d472-806d-44d8-b98c-d4ac94800df5,30mm F1.4 DC DN,Sigma,"MFT, Sony E",30,30,1.4,16,265,contemporary
940cc635-d6e1-4271-963a-351f497ee5a6,30mm F2.8 DN,Sigma,"MFT, Sony E",30,30,2.8,22,300,
8b7e6ed9-57b0-4b78-ba3b-49069f32bda6,60mm F2.8 DN,Sigma,"MFT, Sony E",60,60,2.8,22,500,
e41d20d7-e365-4b30-8b16-30e3fa6504bf,10-20mm F4-5.6 EX DC,Sigma,"Pentax, Sony",10,20,4,22,240,
b55c7f76-2008-4acb-b550-10cf4437adc5,17-50mm F2.8 EX DC HSM,Sigma,"Pentax, Sony",17,50,2.8,22,280,
2134efc6-896e-4141-8693-c9e91dfcbac5,17-70mm F2.8-4 DC Macro HSM,Sigma,"Pentax, Sony",17,70,2.8,22,220,contemporary
f90b41f4-a860-432e-9334-6c401d536d56,18-200mm F3.5-6.3 DC Macro HSM,Sigma,"Pentax, Sony",18,200,3.5,22,390,contemporary
83a9c66d-dc62-4557-b90c-1b1cbab497a8,18-250mm F3.5-6.3 DC Macro HSM,Sigma,"Pentax, Sony",18,250,3.5,22,350,
579501b3-35b9-46dc-9455-3d967973977b,18-300mm F3.5-6.3 DC Macro HSM,Sigma,"Pentax, Sony",18,300,3.5,22,390,contemporary
b2290679-6fd5-47b2-9973-70af881d873d,24-105mm F4 DG HSM | Art,Sigma,Sony,24,105,4,22,450,
5498ec1f-7294-4264-86c7-6ec764a2e525,DT 11-18mm F4.5-5.6,Sony,Sony A,11,18,4.5,29,250,SAL1118
036483d4-4fa3-4669-a3d3-74313ed22b03,16mm F2.8 Fisheye,Sony,Sony A,16,16,2.8,22,200,SAL16F28
3e4b9caf-bea8-49be-9ade-963219896f96,Vario-Sonnar T* 16-35mm F2.8 ZA SSM,Sony,Sony A,16,35,2.8,22,280,SAL1635Z
e6eccccd-b61a-4f57-b863-4ea88623104b,Vario-Sonnar T* 16-35mm F2.8 ZA SSM II,Sony,Sony A,16,35,2.8,22,280,SAL1635Z2
e6a5980d-f366-460d-9ea1-ebe3c28c9262,DT 16-50mm F2.8 SSM,Sony,Sony A,16,50,2.8,22,300,SAL1650
c2fb4bac-0ba5-4e6c-aaac-30547f83cc06,Vario-Sonnar T* DT 16-80mm F3.5-4.5 ZA,Sony,Sony A,16,80,3.5,29,350,SAL1680Z
caff7216-cc13-4f18-9d39-8ddce02d59d7,DT 16-105mm F3.5-5.6,Sony,Sony A,16,105,3.5,36,400,SAL16105
2a4f3eb4-086e-41cc-9c3e-067870a65202,DT 18-55mm F3.5-5.6 SAM,Sony,Sony A,18,55,3.5,36,250,SAL1855
21ced829-cefe-41f0-b56a-0056259cfd7f,DT 18-55mm F3.5-5.6 SAM II,Sony,Sony A,18,55,3.5,36,250,SAL18552
8464251b-9612-42a7-bff3-ae69b337cf92,DT 18-70mm F3.5-5.6,Sony,Sony A,18,70,3.5,36,380,SAL1870
3a2020ad-b1da-416d-8d98-bd16f9bfee8d,DT 18-135mm F3.5-5.6 SAM,Sony,Sony A,18,135,3.5,36,450,SAL18135
4fc70894-ca3b-48f2-839b-78cceed97652,DT 18-200mm F3.5-6.3,Sony,Sony A,18,200,3.5,40,450,SAL18200
08311460-8c28-4640-abcb-c7713328c343,DT 18-250mm F3.5-6.3,Sony,Sony A,18,250,3.5,40,450,SAL18250
e509cacb-a3a3-4215-8f0c-5acf112dc619,20mm F2.8,Sony,Sony A,20,20,2.8,22,250,SAL20F28
c95a1ca8-3a35-4147-b892-d5a99e11873d,Distagon T* 24mm F2 ZA SSM,Sony,Sony A,24,24,2,22,190,SAL24F20Z
20da845b-3d08-49d5-a6d3-38a6d52531b8,Vario-Sonnar T* 24-70mm F2.8 ZA SSM,Sony,Sony A,24,70,2.8,22,340,SAL2470Z
f5ff046d-a51a-4486-9ef7-ff85dd505270,Vario-Sonnar T* 24-70mm F2.8 ZA SSM II,Sony,Sony A,24,70,2.8,22,340,SAL2470Z2
6d104bc9-c541-4281-873c-b51a8d211ef1,24-105mm F3.5-4.5,Sony,Sony A,24,105,3.5,27,500,SAL24105
286324ce-ac96-42fa-acb9-49a82fc57990,28mm F2.8,Sony,Sony A,28,28,2.8,22,300,SAL28F28
e2fcccf3-a027-49da-bf2a-815a35d17aa0,28-75mm F2.8 SAM,Sony,Sony A,28,75,2.8,32,380,SAL2875
678fe03f-2ef5-48e9-ba2a-9a1a64330491,DT 30mm F2.8 Macro SAM,Sony,Sony A,30,30,2.8,22,129,SAL30M28
89233dd6-5c0d-4103-be94-39a1d9cef565,35mm F1.4 G,Sony,Sony A,35,35,1.4,22,300,SAL35F14G
f016d036-6dc9-4340-9d62-40de26c071d1,DT 35mm F1.8 SAM,Sony,Sony A,35,35,1.8,22,230,SAL35F18
1c1dac4d-b18b-415e-885a-e5a5e6794fcf,50mm F1.4,Sony,Sony A,50,50,1.4,22,450,SAL50F14Z
24b4abf8-44ea-4dde-b59e-c163ba685070,50mm F2.8 Macro,Sony,Sony A,50,50,2.8,32,200,SAL50M28
b57b8d25-30e4-4aa6-988b-69854d69e4b8,DT 50mm F1.8 SAM,Sony,Sony A,50,50,1.8,22,340,SAL50F18
4f36c49e-a9ca-4d64-b86f-0df7bbc3665d,Planar T* 50mm F1.4 ZA SSM,Sony,Sony A,50,50,1.4,22,450,SAL50F14Z
e68e769c-6e79-40d2-acb4-7182c40f755c,DT 55-200mm F4-5.6,Sony,Sony A,55,200,4,45,950,SAL55200
18cc9096-a827-4feb-86e5-28fd65f3715f,DT 55-200mm F4-5.6 SAM,Sony,Sony A,55,200,4,45,950,SAL55200-2
e4cb6c54-8603-4bd2-8c0c-74b11d676f80,DT 55-300mm F4.5-5.6 SAM,Sony,Sony A,55,300,4.5,29,1400,SAL55300
d73f3fd9-50f7-4dcb-ae1b-eb43b3284c90,70-200mm F2.8 G,Sony,Sony A,70,200,2.8,32,1200,SAL70200G
0f3a26b9-8730-46b0-bc90-8d2fc4cd1745,70-200mm F2.8 G SSM II,Sony,Sony A,70,200,2.8,32,1200,SAL70200G2
91160429-0d58-4f77-a4e5-e23412f7367b,70-300mm F4.5-5.6 G SSM,Sony,Sony A,70,300,4.5,29,1200,SAL70300G
8cd99320-d90e-4db1-b987-919fdf1bc686,70-300mm F4.5-5.6 G SSM II,Sony,Sony A,70,300,4.5,29,1200,SAL70300G2
6d20945f-677d-497d-b23f-39ad4510dc37,70-400mm F4-5.6 G SSM,Sony,Sony A,70,400,4,32,1500,SAL70400G
5b6883a9-7862-4e65-b548-d7657e6936c9,70-400mm F4-5.6 G SSM II,Sony,Sony A,70,400,4,32,1500,SAL70400G2
75a48a85-2eca-4769-a674-84f1b7d84c49,75-300mm F4.5-5.6,Sony,Sony A,75,300,4.5,38,1500,SAL75300
b8938c94-98f2-4f86-9704-3d4bb8daa861,85mm F2.8 SAM,Sony,Sony A,85,85,2.8,22,600,SAL85F28
4dea6496-b1be-4649-970e-56eebc6f5bb5,Planar T* 85mm F1.4 ZA,Sony,Sony A,85,85,1.4,22,850,SAL85F14Z
1b3732e3-6b71-4cfc-ab2b-962b9e3f9240,100mm F2.8 Macro,Sony,Sony A,100,100,2.8,32,350,SAL100M28
a1ad14f1-0c4d-47f4-81ee-eee3fdea304b,135mm F2.8 [T4.5] STF,Sony,Sony A,135,135,2.8,31,870,SAL135F28
802ba458-e1ef-424a-8edf-ba9af92adb3a,Sonnar T* 135mm F1.8 ZA,Sony,Sony A,135,135,1.8,22,720,SAL135F18Z
2b220610-4096-49be-af5d-3ba136a84a49,300mm F2.8 G,Sony,Sony A,300,300,2.8,32,2000,SAL300F28G
5299b25c-8ce2-41dc-82b7-237d336b367f,300mm F2.8 G SSM II,Sony,Sony A,300,300,2.8,32,2000,SAL300F28G2
1cc37fd3-302b-42b9-82eb-24401eb19b7d,500mm F4 G SSM,Sony,Sony A,500,500,4,32,4000,SAL500F40G
978b9da4-a7b0-4937-97b7-c2c7d38ed68e,500mm F8 Reflex,Sony,Sony A,500,500,8,8,4000,SAL500F80
7d14a803-a762-4c78-926a-1df4452023d5,E 10-18mm F4 OSS,Sony,Sony E,10,18,4,22,250,SEL1018
85b1db6c-bc01-43a5-961b-0fff41f247e0,FE 12-24mm F2.8 GM,Sony,Sony E,12,24,2.8,22,280,SEL1224GM
84591bba-672d-435d-942d-606e903c2f92,FE 12-24mm F4,Sony,Sony E,12,24,4,22,280,SEL1224G
b902e4f2-efb5-4e7a-ae2b-4c964fd8da36,E16mm F2.8,Sony,Sony E,16,16,2.8,22,240,SEL16F28
9615ac29-a581-46d5-9c10-3d9b82b088c9,FE 16-35mm F2.8 GM,Sony,Sony E,16,35,2.8,22,280,SEL1635GM
12d20ebd-6e12-4de3-88f4-1ef0eeb1fe28,Vario-Tessar T* FE 16-35mm F4 ZA OSS,Sony,Sony E,16,35,4,22,280,SEL1635Z
0249d5f7-4b55-4af3-b446-ea6cc7adf1c0,E PZ 16-50mm F3.5-5.6 OSS,Sony,Sony E,16,50,3.5,36,250,SELP1650
dd187d64-1de6-4670-9571-99815f597271,E 16-55mm F2.8 G,Sony,Sony E,16,55,2.8,22,330,SEL1655G
ac55fbec-bb8d-4910-b57a-338d36a32b12,Vario-Tessar T* E 16-70mm F4 ZA OSS,Sony,Sony E,16,70,4,22,350,SEL1670Z
74e9e672-519a-49b0-a9b2-46b30b506ade,E18-55mm F3.5-5.6 OSS,Sony,Sony E,18,55,3.5,32,250,SEL1855
d800c380-7c12-44d6-aaf5-efcd4f7fa400,E PZ 18-105mm F4 G OSS,Sony,Sony E,18,105,4,22,450,SELP18105G
d6008692-f36f-4020-aa88-fe40ffeda118,E PZ 18-110mm F4 G OSS,Sony,Sony E,18,110,4,22,400,SELP18110G
408cc5f3-cb7a-41a9-917b-3e19b692e7d9,E 18-135mm F3.5-5.6 OSS,Sony,Sony E,18,135,3.5,36,450,SEL18135
b9c7c177-7ebf-4dd6-8c11-e41bdc0a8d10,E 18-200mm F3.5-6.3 OSS LE,Sony,Sony E,18,200,3.5,40,500,SEL18200LE
bfb34088-bdeb-4466-ba40-7d6d9fe7015c,E PZ 18-200mm F3.5-6.3 OSS,Sony,Sony E,18,200,3.5,40,300,SELP18200
f504c0d4-e22c-4339-b023-c4cebe212095,E18-200mm F3.5-6.3 OSS,Sony,Sony E,18,200,3.5,40,300,SEL18200
835e0cda-ae8c-4aae-9c9b-1f79fc204c0b,E 20mm F2.8,Sony,Sony E,20,20,2.8,22,200,SEL20F28
57ed6fc1-ee21-435a-96aa-b9b58b9f7e95,FE 20mm F1.8 G,Sony,Sony E,20,20,1.8,22,180,SEL20F18G
ab646b72-95a0-4669-90f3-160710b6d101,FE 24mm F1.4 GM,Sony,Sony E,24,24,1.4,16,240,SEL24F14GM
04fa3bce-d9e2-41e2-987a-497e9aede9bc,Sonnar T* E 24mm F1.8 ZA,Sony,Sony E,24,24,1.8,22,160,SEL24F18Z
081b9a7b-be6f-4dfc-a6bc-4caac214caca,FE 24-70mm F2.8 GM,Sony,Sony E,24,70,2.8,22,380,SEL2470GM
8988257e-0574-4788-a3f5-c9ea68d07932,Vario-Tessar T* FE 24-70mm F4 ZA OSS,Sony,Sony E,24,70,4,22,400,SEL2470Z
3821aad8-b2d2-45eb-a1ac-18a0ce7cd023,FE 24-105mm F4 G OSS,Sony,Sony E,24,105,4,22,380,SEL24105G
2f475bbf-5c59-4986-b6f1-1a2162b4860f,FE 24-240mm F3.5-6.3 OSS,Sony,Sony E,24,240,3.5,40,500,SEL24240
c8902dea-32cb-442f-b2f2-e8091f6b4368,FE 28mm F2,Sony,Sony E,28,28,2,22,250,SEL28F20
eaa5924d-37bd-45a7-891a-387f62e57ed0,FE 28-70mm F3.5-5.6 OSS,Sony,Sony E,28,70,3.5,36,300,SEL2870
1288a59b-eaeb-4f12-b5d4-873956abd439,FE PZ 28-135mm F4 G OSS,Sony,Sony E,28,135,4,22,400,SELP28135G
c2fc1014-4729-4dbd-ace6-1487453c6fea,E 30mm F3.5 Macro,Sony,Sony E,30,30,3.5,22,95,SEL30M35
dc280b8b-5692-4486-a063-7c1930af8a33,Distagon T* FE 35mm F1.4 ZA,Sony,Sony E,35,35,1.4,16,300,SEL35F14Z
68a8b0f6-097d-45f6-993a-0132f19c5e00,E 35mm F1.8 OSS,Sony,Sony E,35,35,1.8,22,300,SEL35F18
2e2b6714-56e6-4156-8b6a-15c073633622,FE 35mm F1.8,Sony,Sony E,35,35,1.8,22,220,SEL35F18F
87df8a47-239b-4b8d-bbb1-4c919e58fe12,Sonnar T* FE 35mm F2.8 ZA,Sony,Sony E,35,35,2.8,22,350,SEL35F28Z
75f31fc0-5a07-4a86-8721-8e073780ac70,E 50mm F1.8 OSS,Sony,Sony E,50,50,1.8,22,390,SEL50F18
06a428b2-c468-4bd6-8117-0019c635e434,FE 50mm F1.8,Sony,Sony E,50,50,1.8,22,450,SEL50F18F
e142c47b-f338-4400-8582-9263fe6eb545,FE 50mm F2.8 Macro,Sony,Sony E,50,50,2.8,16,160,SEL50M28
43223c53-914a-4b1a-9986-1f32e2feba6f,Planar T* FE 50mm F1.4 ZA,Sony,Sony E,50,50,1.4,16,450,SEL50F14Z
3d1f8b6b-8e95-4393-b90e-1a0e5f6eadad,Sonnar T* FE 55mm F1.8 ZA,Sony,Sony E,55,55,1.8,22,500,SEL55F18Z
643b2016-83f6-4f03-8610-948a4a531c60,E 55-210mm F4.5-6.3 OSS,Sony,Sony E,55,210,4.5,32,1000,SEL55210
90e8abb0-99b6-4a96-92ec-3bacbf23e0f5,FE 70-200mm F2.8 GM OSS,Sony,Sony E,70,200,2.8,22,960,SEL70200GM
5788894b-6618-4488-a6a7-97cb9a18f054,FE 70-200mm F4 G OSS,Sony,Sony E,70,200,4,22,1350,SEL70200G
d6cc35cb-2374-48f8-993d-35b4836a0605,FE 70-300mm F4.5-5.6 G OSS,Sony,Sony E,70,300,4.5,29,900,SEL70300G
79b8d03e-9acd-47ee-91f2-f7a4238f84ea,E 70-350mm F4.5-6.3 G OSS,Sony,Sony E,70,350,4.5,32,1100,SEL70350G
e9762055-b00f-40ac-a6dc-2308ef181c7a,FE 85mm F1.4 GM,Sony,Sony E,85,85,1.4,16,800,SEL85F14GM
4dba00a4-1177-4a2d-a515-a19992fb8c29,FE 85mm F1.8,Sony,Sony E,85,85,1.8,22,800,SEL85F18
8dc0e5ef-bdb6-4fa4-8f32-41ee9e751c1a,FE 90mm F2.8 Macro G OSS,Sony,Sony E,90,90,2.8,22,280,SEL90M28G
01f9b251-a01d-40ef-892f-a89f80b61653,FE 100mm F2.8 STF GM OSS,Sony,Sony E,100,100,2.8,20,570,SEL100F28GM
87f0e66d-2e58-49bb-bbea-aa3fa5220960,FE 100-400mm F4.5-5.6 GM OSS,Sony,Sony E,100,400,4.5,40,980,SEL100400GM
6f339668-8798-458c-82fd-6b8fc1b1a550,FE 135mm F1.8 GM,Sony,Sony E,135,135,1.8,22,700,SEL135F18GM
7df3180a-c1c1-4060-895e-03aee34827c8,FE 200-600mm F5.6-6.3 G OSS,Sony,Sony E,200,600,5.6,36,2400,SEL200600G
baf6e232-26f5-41d3-a0d1-ade159dc2e3e,FE 400mm F2.8 GM OSS,Sony,Sony E,400,400,2.8,22,2700,SEL400F28GM
d3fbbe50-1177-4f07-9834-394ab25e100f,FE 600mm F4 GM OSS,Sony,Sony E,600,600,4,22,4500,SEL600F40GM
c6352470-956b-4826-b591-96f4d7db06c2,10-24mm F/3.5-4.5 Di II VC HLD,Tamron,"Canon, Nikon",10,24,3.5,29,240,B023
63ffbc96-327f-4149-9b18-acd8621b6ad2,17-35mm F/2.8-4 Di OSD,Tamron,"Canon, Nikon",17,35,2.8,22,280,A037
2c399bbb-4cb4-45a1-bb7a-b0e42d72573d,SP 24-70mm F/2.8 Di VC USD G2,Tamron,"Canon, Nikon",24,70,2.8,22,380,A032
5dbfdb3f-372f-4616-bf74-cf2dd65d1327,SP 35mm F/1.4 Di USD,Tamron,"Canon, Nikon",35,35,1.4,16,300,F045
af3104f2-2f88-495a-8b62-0c22c67d5a30,SP 70-200mm F/2.8 Di VC USD G2,Tamron,"Canon, Nikon",70,200,2.8,22,950,A025
74d5a994-e6e1-498c-90df-390be8217aa9,SP 70-300mm Di VC USD,Tamron,"Canon, Nikon",70,300,4,45,1500,A030
a47c5d3f-81cf-4690-8504-45653e8c7944,100-400mm F/4.5-6.3 Di VC USD,Tamron,"Canon, Nikon",100,400,4.5,45,1500,A035
cf8c7d18-9e1e-4f51-a53c-7026551ac8d9,SP 150-600mm F/5-6.3 Di VC USD G2,Tamron,"Canon, Nikon",150,600,5,40,2200,A022
7f89c1d3-2109-40bb-b0c8-d4aee13ad6f6,SP AF10-24mm F/3.5-4.5 Di II LD Aspherical [IF],Tamron,"Canon, Nikon, Pentax, Sony",10,24,3.5,22,240,B001
3aaf2cfd-a250-430b-b5d6-11dc3615acf7,SP AF17-50mm F/2.8 XR Di II LD Aspherical [IF],Tamron,"Canon, Nikon, Pentax, Sony",17,50,2.8,32,270,A16
65982d86-c1ea-4a1c-b0fa-274af6e1a1a1,AF18-200mm F/3.5-6.3 XR Di II LD Aspherical [IF] Macro,Tamron,"Canon, Nikon, Pentax, Sony",18,200,3.5,22,450,A14
6f0e3212-5df2-4195-ac80-9d4d51c4a938,18-270mm F/3.5-6.3 Di II VC PZD,Tamron,"Canon, Nikon, Pentax, Sony",18,270,3.5,40,490,B008
6bd0df64-af51-4a3a-a81e-e367ba97d871,SP AF28-75mm F/2.8 XR Di LD Aspherical [IF] Macro,Tamron,"Canon, Nikon, Pentax, Sony",28,75,2.8,32,330,A09
4bdeb1b4-e7fe-4825-9d80-cfa7490af68e,SP AF70-200mm F/2.8 Di LD [IF] Macro,Tamron,"Canon, Nikon, Pentax, Sony",70,200,2.8,32,950,A001
e867fd6d-e486-4f4d-ae29-c81a6dba89b1,AF70-300mm F/4-5.6 Di LD Macro,Tamron,"Canon, Nikon, Pentax, Sony",70,300,4,32,950,A17
91a69c0d-0489-4aef-97b7-b67ff0545ff5,SP AF90mm F/2.8 Di Macro 1:1,Tamron,"Canon, Nikon, Pentax, Sony",90,90,2.8,32,290,272E
31d31203-13f3-421b-8698-0070c020263a,SP 15-30mm F/2.8 Di VC USD,Tamron,"Canon, Nikon, Sony",15,30,2.8,22,280,A012
4fd44915-7bfd-43f9-a5da-5286c2aff352,16-300mm F/3.5-6.3 Di II VC PZD Macro,Tamron,"Canon, Nikon, Sony",16,300,3.5,40,390,B016
6e835da9-39ef-4bed-810b-64f3958aaab3,18-200mm F/3.5-6.3 Di II VC,Tamron,"Canon, Nikon, Sony",18,200,3.5,40,490,B018
4512f481-fcde-4540-a6a8-f214ed89c724,SP 24-70mm F/2.8 Di VC USD,Tamron,"Canon, Nikon, Sony",24,70,2.8,22,380,A007
1a8b85f9-f760-4998-b0fe-84f1d632284c,28-300mm F/3.5-6.3 Di VC PZD,Tamron,"Canon, Nikon, Sony",28,300,3.5,40,490,A010
4f757669-fb5d-40e2-b062-21c7e5cb5ce0,SP 35mm F/1.8,Tamron,"Canon, Nikon, Sony",35,35,1.8,16,2000,F012
3a8fe7da-c453-45b7-afa7-184e1db70974,SP 45mm F/1.8,Tamron,"Canon, Nikon, Sony",45,45,1.8,16,290,F013
91dc7a98-226d-42ea-b426-25a7c25aa1b9,SP AF60mm F/2 Di II [IF] Macro 1:1,Tamron,"Canon, Nikon, Sony",60,60,2,22,230,G005
acb87a79-b037-45c1-8c41-3ac05b5fc222,SP 70-200mm F/2.8 Di VC USD,Tamron,"Canon, Nikon, Sony",70,200,2.8,32,1300,A009
0ebaba3a-606e-49e6-a6a0-da05728efbf1,SP 70-300mm F/4-5.6 Di VC USD,Tamron,"Canon, Nikon, Sony",70,300,4,45,1500,A005
f894acb7-4697-47e1-96a6-4ab94cd24335,SP 85mm F/1.8 Di VC USD,Tamron,"Canon, Nikon, Sony",85,85,1.8,16,800,F016
5bd0322d-d9f2-4f82-9c44-af76f1c37be9,SP 90mm F/2.8 Di Macro 1:1 VC USD (F004),Tamron,"Canon, Nikon, Sony",90,90,2.8,32,300,F004
9d986069-65f3-4536-8081-f4bf11ab8136,SP 90mm F/2.8 Di Macro 1:1 VC USD (F017),Tamron,"Canon, Nikon, Sony",90,90,2.8,32,300,F017
931bb663-290f-4733-a7e8-70b403bce72b,SP 150-600mm F/5-6.3 Di VC USD,Tamron,"Canon, Nikon, Sony",150,600,5,40,2700,A011
eb18fb8e-cd2c-42c8-89fe-622f138e297d,SP AF180mm F/3.5 Di [IF] Macro 1:1,Tamron,"Canon, Nikon, Sony",180,180,3.5,32,470,B01
083546ff-3d4f-4731-9aa6-c9b0feac6005,14-150mm F/3.5-5.8 Di III,Tamron,MFT,14,150,3.5,22,500,C001
675f43d7-cad6-4e22-94b3-05f50639fe94,17-28mm F/2.8 Di III RXD,Tamron,Sony E,17,28,2.8,22,190,A046
941d2a2e-5318-4b1b-b105-f0c40b8d2aa6,11-16 T3 CINEMA LENS,Tokina,"Canon EF, MFT",11,16,2.8,22,350,
ebe86976-1eb5-4a15-954c-f365d11bbcb2,opera 16-28mm F2.8 FF,Tokina,"Canon EF, Nikon F",16,28,2.8,22,280,
a13db706-b2d9-48ea-adb1-1bb148e14374,opera 50mm F1.4 FF,Tokina,"Canon EF, Nikon F",50,50,1.4,16,400,
29ca106f-7b45-49b6-a041-0014c2e38428,AT-X 14-20 F2 PRO DX,Tokina,"Canon, Nikon",14,20,2,22,280,
a377df27-65a5-47d9-8809-7a74ec111d87,Reflex 300mm F6.3 MF Macro,Tokina,MFT,300,300,6.3,6.3,800,
6a315a56-df7a-424b-95a5-cdb710afb750,AT-X 70-200mm F4 PRO FX VCM-S,Tokina,Nikon F,70,200,4,32,1000,
68e9fb5a-262f-4325-9b36-815564917a86,AT-X 107 DX Fisheye,Tokina,"Nikon F, Canon EF",10,17,3.5,22,140,
31d1e596-5c71-4205-b8ad-4bc6d6cc5f2a,AT-X 11-20 PRO DX,Tokina,"Nikon F, Canon EF",11,20,2.8,22,280,
028007f2-a926-4d5f-b4a0-7ced5e4cbc23,AT-X 12-28 PRO DX,Tokina,"Nikon F, Canon EF",12,28,4,22,250,
17a33d5d-d662-4ce6-8f3a-0c81775624a8,AT-X 16-28 F2.8 PRO FX,Tokina,"Nikon F, Canon EF",16,28,2.8,22,280,
8c9bf2cd-c786-4921-9be8-e2db39812f79,AT-X 17-35 F4 PRO FX,Tokina,"Nikon F, Canon EF",17,35,4,22,280,
9b477ec4-a123-41bd-8efd-d7a8303e1cdd,AT-X 24-70 F2.8 PRO FX,Tokina,"Nikon F, Canon EF",24,70,2.8,22,380,
5d060822-21b2-4e2f-8902-bc1748fb17f0,AT-X M100 PRO D,Tokina,"Nikon F, Canon EF",100,100,2.8,32,300,
11456016-1f2d-4feb-b9cf-35ba9c17a0e8,AT-X 116 PRO DX II,Tokina,"Nikon F, Canon EF, Sony A",11,16,2.8,22,300,
3260d343-7d6e-4c3e-9ede-c31b75c00048,16-28 T3.0 CINEMA LENS,Tokina,"PL, Canon EF",16,28,2.8,22,280,
3aecd91d-b629-49c3-a41d-5f2a73a4f551,FRIN 20mm F2 FE AF,Tokina,Sony E,20,20,2,22,280,FiRIN
6ac0d809-8cfe-438a-ba2c-bba2cfc94e59,FRIN 20mm F2 FE MF,Tokina,Sony E,20,20,2,22,280,FiRIN
116028b5-06ca-4f50-ab98-8758a66fd34d,Ultron 40mm F2 SL II S,Voigtlander,Ai-S,40,40,2,22,250,
956029d5-0f92-494d-bede-c4a75f2c18da,Nokton 58mm F1.4 SL II N,Voigtlander,Ai-S,58,58,1.4,16,450,
3da102a5-9d14-43a9-9715-8936e40c1541,Nokton 58mm F1.4 SL II S,Voigtlander,Ai-S,58,58,1.4,16,450,
d69ee53e-cd17-42bb-ac08-4b4af98ec021,Color-Skopar 20mm F3.5 SL II N Aspherical,Voigtlander,"Ai-S, EF",20,20,3.5,22,200,
56fc8816-a18e-4e6d-bb09-f5c989bc65c0,Color-Skopar 28mm F2.8 SL II N Aspherical,Voigtlander,"Ai-S, EF",28,28,2.8,22,220,
2a444fbf-7b8d-41dd-b3a8-f9ac32148b76,Ultron 40mm F2 SL II N Aspherical,Voigtlander,"Ai-S, EF",40,40,2,22,380,
7a41f2f4-3074-40d4-8419-60db5947aa00,Nokton 10.5mm F0.95,Voigtlander,MFT,10.5,10.5,0.95,16,170,
9a5e2087-b20d-4f19-80e1-335f75f6e0c0,Nokton 17.5mm F0.95,Voigtlander,MFT,17.5,17.5,0.95,16,150,
0ca2576c-8be1-4e3d-b22a-df872404d127,Nokton 25mm F0.95,Voigtlander,MFT,25,25,0.95,16,170,
879d85c7-87a9-4f21-9851-b67328f9e4b4,Nokton 25mm F0.95 Type II,Voigtlander,MFT,25,25,0.95,16,170,
774cbe65-57e6-4de0-b296-6a76a374feee,Nokton 42.5mm F0.95,Voigtlander,MFT,42.5,42.5,0.95,16,230,
c28b575a-e57f-4978-b73d-3a9207a95c22,Heliar-Hyper Wide 10mm F5.6 Aspherical,Voigtlander,Sony E,10,10,5.6,22,300,
9169ef98-bace-49fa-9064-aaa21e34eab9,Ultra Wide-Heliar 12mm F5.6 Aspherical III,Voigtlander,Sony E,12,12,5.6,22,300,
2ccb8c83-38e0-43b9-bb8c-876d49cd1693,Super Wide-Heliar 15mm F4.5 Aspherical III,Voigtlander,Sony E,15,15,4.5,22,300,
62c844cb-3319-46a6-96d4-a4ce34ed90e8,Color-Skopar 21mm F3.5 Aspherical,Voigtlander,Sony E,21,21,3.5,22,200,
c9419500-6080-4fa2-8fbb-3292513ec0ac,Nokton 35mm F1.4 E-mount,Voigtlander,Sony E,35,35,1.4,16,300,
da47f726-7e9b-46de-9eaf-45641a228a61,Nokton 40mm F1.2 Aspherical (Sony E),Voigtlander,Sony E,40,40,1.2,22,350,
4ee8db87-34f1-4899-a59b-ba9d15c718d5,Nokton 50mm F1.2 Aspherical (Sony E),Voigtlander,Sony E,50,50,1.2,22,450,
a48aa2bb-0265-49c3-acea-34fbb4ddd881,Macro APO-Lanthar 65mm F2 Aspherical,Voigtlander,Sony E,65,65,2,22,310,
075b60f2-d67f-459c-bc60-5781d23e1663,Macro APO-Lanthar 110mm F2.5,Voigtlander,Sony E,110,110,2.5,22,350,
430210c8-b319-437a-bad6-ef2b2929c44f,Heliar-Hyper Wide 10mm F5.6 Aspherical VM,Voigtlander,VM,10,10,5.6,22,500,
ac2382dc-c007-4457-b60e-e26f3725da82,Ultra Wide-Heliar 12mm F5.6 Aspherical II,Voigtlander,VM,12,12,5.6,22,500,
d9f5f55e-dcd9-4931-8f29-fb3fec21e237,Ultra Wide-Heliar 12mm F5.6 Aspherical III VM,Voigtlander,VM,12,12,5.6,22,500,
5244724c-2ffd-40ab-b212-bb42fb682b55,Super Wide-Heliar 15mm F4.5 Aspherical II,Voigtlander,VM,15,15,4.5,22,700,
e41114b1-d785-4cb9-ae38-7b4dcde56b68,Super Wide-Heliar 15mm F4.5 Aspherical III VM,Voigtlander,VM,15,15,4.5,22,700,
bcba3026-b206-4083-b25d-398612311cff,Color-Skopar 21mm F4 P,Voigtlander,VM,21,21,4,22,500,
cd1732e0-f576-4a9b-8aac-95925b35af77,Color-Skopar Vintage Line 21mm F3.5 Aspherical VM,Voigtlander,VM,21,21,3.5,22,500,
49f794e1-d868-4c0a-9df3-1542b2e64c73,Ultron 21mm F1.8 Aspherical,Voigtlander,VM,21,21,1.8,22,500,
c4c2690c-6d94-4512-95e4-15c065770764,Color-Skopar 25mm F4 P,Voigtlander,VM,25,25,4,22,500,
75da69af-9415-4cc6-9224-3e802584de6f,Ultron 28mm F2,Voigtlander,VM,28,28,2,22,700,
d84924e1-2656-49f7-890c-1031a5744614,Color-Skopar 35mm F2.5 P II,Voigtlander,VM,35,35,2.5,22,700,
bc2771f6-7886-4f02-8feb-f59365d7d4c0,Nokton 35mm F1.2 Aspherical II,Voigtlander,VM,35,35,1.2,22,500,
36ca8b68-56a3-4fd8-98ce-8eae9b7f47fe,Nokton Classic 35mm F1.4,Voigtlander,VM,35,35,1.4,16,700,
3607075b-aade-4a64-a98c-97d1b7433546,Ultron Vintage Line 35mm F1.7 Aspherical,Voigtlander,VM,35,35,1.7,16,500,
6fa66617-419c-4efc-acdd-67dbeb6aea73,Ultron Vintage Line 35mm F2 Aspherical VM,Voigtlander,VM,35,35,2,16,500,
fd6a41be-e613-4f98-b6b7-1a7f96fb79a3,Nokton 40mm F1.2 Aspherical (VM),Voigtlander,VM,40,40,1.2,22,500,
63f927bb-0b07-46a0-9e55-3f000b1c8a61,Nokton Classic 40mm F1.4,Voigtlander,VM,40,40,1.4,16,700,
decda551-834b-4f25-82ee-0c3c9483a731,Heliar Vintage Line 50mm F3.5,Voigtlander,VM,50,50,3.5,22,700,
835ea09c-6398-4cc8-bffa-6ec2d032a59d,Nokton 50mm F1.1,Voigtlander,VM,50,50,1.1,16,1000,
25baa2aa-ce44-4a5b-a0c2-cb03f1801a4c,Nokton 50mm F1.2 Aspherical,Voigtlander,VM,50,50,1.2,22,700,
4cdc296d-6130-4f1d-b4ba-19d2648652c6,Nokton Vintage Line 50mm F1.5 Aspherical,Voigtlander,VM,50,50,1.5,16,700,
537003d5-c63a-415c-aceb-c79ed1741c42,Heliar Classic 75mm F1.8,Voigtlander,VM,75,75,1.8,16,900,
ea5d5509-552e-497b-95c4-3ae022f361fc,Touit 2.8/12,Zeiss,"Fujifilm X, Sony E",12,12,2.8,22,180,
00a91878-8f12-498f-a61e-48c3e794d27a,Touit 1.8/32,Zeiss,"Fujifilm X, Sony E",32,32,1.8,22,300,
c34e3114-b9e2-4236-acd2-2bc55a9a9d54,Touit 2.8/50,Zeiss,"Fujifilm X, Sony E",50,50,2.8,22,150,
9f7c2062-79da-411b-827c-339dc6b99ca2,Batis 2.8/18,Zeiss,Sony E,18,18,2.8,22,250,
07ce6185-9ffb-484b-a661-21fc6bf4b24f,Loxia 2.8/21,Zeiss,Sony E,21,21,2.8,22,250,
bc5a4c4c-8641-482a-a812-93d80966dd5f,Batis 2/25,Zeiss,Sony E,25,25,2,22,200,
4a91eec0-3f54-4002-9e18-44a71553ebcc,Loxia 2.4/25,Zeiss,Sony E,25,25,2.4,22,250,
90bd155a-1fc6-4f8c-a679-7bf352ceb6e3,Loxia 2/35,Zeiss,Sony E,35,35,2,22,300,
f0c43385-ecaa-42bc-a8a9-649feadd96db,Batis 2/40 CF,Zeiss,Sony E,40,40,2,22,240,
ec297537-4cf8-4ff4-94df-92b8d86e99f9,Loxia 2/50,Zeiss,Sony E,50,50,2,22,450,
b8e96dad-1aa2-4afe-8516-cf5a735abfbd,Batis 1.8/85,Zeiss,Sony E,85,85,1.8,22,800,
a3bcec52-e269-4cb1-9afb-433dbeb38d25,Loxia 2.4/85,Zeiss,Sony E,85,85,2.4,22,800,
cb0e5d7b-ec02-41cc-b4cb-9f88d15baa5e,Batis 2.8/135,Zeiss,Sony E,135,135,2.8,22,870,
a4784810-b143-43f5-ae1d-c886cdf959c7,Distagon T* 2.8/15,Zeiss,"ZE, ZF.2",15,15,2.8,22,250,
9f8464b8-159b-4dd9-be12-ce928d71383f,Milvus 2.8/15,Zeiss,"ZE, ZF.2",15,15,2.8,22,250,
de08ce7d-3b22-4a5b-ae99-056892e94a49,Milvus 2.8/18,Zeiss,"ZE, ZF.2",18,18,2.8,22,250,
9ed081f1-3b14-4865-b7a6-825c01bbfca4,Milvus 2.8/21,Zeiss,"ZE, ZF.2",21,21,2.8,22,220,
941b200d-1423-4b5f-9ae0-89b9068317d1,Distagon T* 2/25,Zeiss,"ZE, ZF.2",25,25,2,22,250,
6abddefd-d432-4454-b80e-9be34ab531f0,Milvus 1.4/25,Zeiss,"ZE, ZF.2",25,25,1.4,16,250,
770af637-a156-46a2-b8a5-f3fd219e5a29,Otus 1.4/28,Zeiss,"ZE, ZF.2",28,28,1.4,16,300,
e9f601b7-0adb-4e68-a389-fad42ac73ccf,Distagon T* 1.4/35,Zeiss,"ZE, ZF.2",35,35,1.4,16,300,
abd1f8eb-e677-4814-9bda-c08c81abc589,Milvus 1.4/35,Zeiss,"ZE, ZF.2",35,35,1.4,16,300,
915c5971-156a-4423-a7e4-c569e19f11a4,Milvus 2/35,Zeiss,"ZE, ZF.2",35,35,2,22,300,
fc6346a3-13dc-4a5a-ae36-6a6d6a3e99a6,Milvus 1.4/50,Zeiss,"ZE, ZF.2",50,50,1.4,16,450,
6df752b5-07b4-44a7-8669-d1c79c2754ef,Milvus 2/50M,Zeiss,"ZE, ZF.2",50,50,2,22,240,
df8f7642-15d0-4722-8c22-b347c69e79bc,Otus 1.4/55,Zeiss,"ZE, ZF.2",55,55,1.4,16,500,
7871abfd-493e-4088-8a8f-6f247d7a328c,Milvus 1.4/85,Zeiss,"ZE, ZF.2",85,85,1.4,16,800,
4b009fe8-c095-421b-bb2c-491dcee512dc,Otus 1.4/85,Zeiss,"ZE, ZF.2",85,85,1.4,16,800,
1b1acf97-399d-41cf-81c2-48647ffa4828,Milvus 2/100M,Zeiss,"ZE, ZF.2",100,100,2,22,440,
3ca49658-26e6-457c-beac-6928a09d077b,APO Sonnar T* 2/135,Zeiss,"ZE, ZF.2",135,135,2,22,800,
9e4c2b09-5948-405b-acb6-6668646d47a4,Milvus 2/135,Zeiss,"ZE, ZF.2",135,135,2,22,800,
d680ec91-e1bd-4019-a23f-b324c3d97879,Distagon T* 3.5/18,Zeiss,"ZE, ZF.2, ZF",18,18,3.5,22,300,
b788927a-f86f-4785-aacc-86060ad7df6f,Distagon T* 2.8/21,Zeiss,"ZE, ZF.2, ZF",21,21,2.8,22,220,
12a4478b-6273-4ca0-a95f-2d7fb4358422,Distagon T* 2/28,Zeiss,"ZE, ZF.2, ZF",28,28,2,22,240,
ef4bf087-e1a1-405d-a6fc-ca89391c025a,Makro-Planar T* 2/50,Zeiss,"ZE, ZF.2, ZF",50,50,2,22,240,
b0aeb09b-d0cd-4283-9b5b-823063dce1be,Planar T* 1.4/50,Zeiss,"ZE, ZF.2, ZF",50,50,1.4,16,450,
9fa5d007-c07a-45f8-8ee6-a5d89c2af9bc,Planar T* 1.4/85,Zeiss,"ZE, ZF.2, ZF",85,85,1.4,16,1000,
eb4ef949-d391-477c-9568-39885681dc71,Makro-Planar T* 2/100,Zeiss,"ZE, ZF.2, ZF",100,100,2,22,440,
af922025-ea96-45d4-9676-3073274afd1b,Distagon T* 2/35,Zeiss,"ZE, ZF.2, ZF, ZS",35,35,2,22,300,
19f8e533-e992-45a6-b16a-b8de15f082ed,Distagon T* 2.8/25,Zeiss,"ZE, ZF.2, ZS",25,25,2.8,22,170,
4ece2342-9b7c-4b0b-881d-74d6bbea4d6c,Distagon T* 2.8/15 ZM,Zeiss,ZM,15,15,2.8,22,300,
c1297b32-b2a6-4501-bfd1-366194137dbe,Distagon T* 4/18 ZM,Zeiss,ZM,18,18,4,22,500,
e1e68a40-4f21-4298-816b-ce6d1df15300,Biogon T* 2.8/21 ZM,Zeiss,ZM,21,21,2.8,22,500,
87c1808e-7916-4afe-925e-41e937374a6a,C Biogon T* 4.5/21 ZM,Zeiss,ZM,21,21,4.5,22,500,
30379739-c3ae-49b6-9ae5-d1adbf90bc88,Biogon T* 2.8/25 ZM,Zeiss,ZM,25,25,2.8,22,500,
10fe4ba6-e241-4c00-b2a4-57ce52a1deb6,Biogon T* 2.8/28 ZM,Zeiss,ZM,28,28,2.8,22,500,
22019e22-801b-4d61-8af5-2277c8dd8532,Biogon T* 2/35 ZM,Zeiss,ZM,35,35,2,22,700,
4703a048-6ab7-488c-a804-4a6e1e61d7b2,C Biogon T* 2.8/35 ZM,Zeiss,ZM,35,35,2.8,22,700,
5c768ec3-e8f1-46f2-8d45-19f061e634ee,Distagon T* 1.4/35 ZM,Zeiss,ZM,35,35,1.4,16,700,
71a58257-cf25-497d-ad83-54a03d3b34cb,C Sonnar T* 1.5/50 ZM,Zeiss,ZM,50,50,1.5,16,900,
ed861196-7892-42d2-a845-bc3b08b32e73,Planar T* 2/50 ZM,Zeiss,ZM,50,50,2,22,700,
3f459b0b-5348-42f1-918a-50642adb70d8,Tele-Tessar T* 4/85 ZM,Zeiss,ZM,85,85,4,22,900,
02b45b53-4394-4bf9-8d4a-f038dce7e2ef,Mitakon Creator 135mm f/2.8 ver II,Zhong Yi,"Canon EF, Nikon F, Pentax K",135,135,2.8,22,1500,
1448c4e7-97a4-49de-8efe-4892ce507bb3,Mitakon Creator 35mm f/2,Zhong Yi,"Canon EF, Nikon F, Pentax K, Sony A",35,35,2,22,250,
8d7e4678-c2b3-44c4-a2d1-7ac9283a02ee,Mitakon Creator 85mm f/2,Zhong Yi,"Canon EF, Nikon F, Pentax K, Sony A",85,85,2,22,850,
394cc9b1-95c5-4015-b85a-ef493184a084,Mitakon Speedmaster 85mm f/1.2,Zhong Yi,"Canon EF, Nikon F, Pentax K, Sony A, Sony E",85,85,1.2,16,1000,the dream
e71ea1ec-9c81-49f3-ac27-2daa14d2817d,Mitakon Speedmaster 135mm f/1.4,Zhong Yi,"Canon EF, Nikon F, Sony E",135,135,1.4,22,1600,
7ec70542-2ab1-41a1-955a-b943aeb6c00e,Mitakon Speedmaster 35mm f/0.95 ver II,Zhong Yi,"Canon EF-M, Fujifilm X, Sony E",35,35,0.95,16,350,
a0a4b43d-df9b-45d0-bbaa-c5ae34c35407,FreeWalker 20mm F2 Super Macro 4-4.5:1,Zhong Yi,"EF, EF-M, X, MFT, F, K, A, E",20,20,2,16,120,
2c170461-b07a-464d-886b-3ae5e111da90,Mitakon 20mm f/2.0 4.5x Super Macro Lens,Zhong Yi,"EF, X, MFT, F, K, A, E",20,20,2,16,200,
c34a9603-702b-49e0-a0ea-3a1bdb19bf46,Mitakon Speedmaster 25mm f/0.95,Zhong Yi,MFT,25,25,0.95,16,250,
e5b33d4d-9a2a-4267-8e4b-cd5cfe9b395d,Mitakon 42.5mm f/1.2,Zhong Yi,MFT,42.5,42.5,1.2,16,450,
e5a97d51-fb91-4308-acd7-a9de9f5e7d2f,Mitakon Speedmaster 50mm f/0.95 Pro ver.,Zhong Yi,Sony E,50,50,0.95,16,500,
